DoctorID,DoctorName,Specialization,DoctorContact
1,Shell,Infectious disease,shell.1@healthclinic.nl
2,Regina,Oncologist,regina.2@healthclinic.nl
3,Sissy,Otolaryngologists,sissy.3@healthclinic.nl
4,Celestyna,Cardiology,celestyna.4@healthclinic.nl
5,Thalia,Emergency Medicine,thalia.5@healthclinic.nl
6,Brynna,Surgery,brynna.6@healthclinic.nl
7,Maye,Pulmonologists,maye.7@healthclinic.nl
8,Concettina,Hospice and Palliative Care,concettina.8@healthclinic.nl
9,Minda,Anesthesiology,minda.9@healthclinic.nl
10,Charissa,Nephrology,charissa.10@healthclinic.nl
11,Lanae,Neurology,lanae.11@healthclinic.nl
12,Ida,Oncologist,ida.12@healthclinic.nl
13,Constance,Otolaryngologists,constance.13@healthclinic.nl
14,Karena,Otolaryngologists,karena.14@healthclinic.nl
15,Tabbatha,Anesthesiology,tabbatha.15@healthclinic.nl
16,Lanna,Radiology,lanna.16@healthclinic.nl
17,Lucille,Dermatology,lucille.17@healthclinic.nl
18,Calla,Dermatology,calla.18@healthclinic.nl
19,Jacenta,Radiology,jacenta.19@healthclinic.nl
20,Shaine,Anesthesiology,shaine.20@healthclinic.nl
21,Edee,Geriatrician,edee.21@healthclinic.nl
22,Misha,Endocrinologist,misha.22@healthclinic.nl
23,Hope,Emergency Medicine,hope.23@healthclinic.nl
24,Lilith,Allergists,lilith.24@healthclinic.nl
25,Corina,Pulmonologists,corina.25@healthclinic.nl
26,Ernesta,Psychiatry,ernesta.26@healthclinic.nl
27,Asia,Internists,asia.27@healthclinic.nl
28,Sonni,Surgery,sonni.28@healthclinic.nl
29,Morganica,Pediatrics,morganica.29@healthclinic.nl
30,Nariko,Internists,nariko.30@healthclinic.nl
31,Sherrie,Infectious disease,sherrie.31@healthclinic.nl
32,Brandise,Internists,brandise.32@healthclinic.nl
33,Georgina,Geriatrician,georgina.33@healthclinic.nl
34,Beatriz,Allergists,beatriz.34@healthclinic.nl
35,Jere,Neurology,jere.35@healthclinic.nl
36,Iseabal,Gastroenterology,iseabal.36@healthclinic.nl
37,Paola,Infectious disease,paola.37@healthclinic.nl
38,Gretal,Emergency Medicine,gretal.38@healthclinic.nl
39,Luci,Emergency Medicine,luci.39@healthclinic.nl
40,Gloria,Geriatrician,gloria.40@healthclinic.nl
41,Nelle,Endocrinologist,nelle.41@healthclinic.nl
42,Asia,Otolaryngologists,asia.42@healthclinic.nl
43,Catrina,Obstetric Anesthesiologists,catrina.43@healthclinic.nl
44,Misha,Anesthesiology,misha.44@healthclinic.nl
45,Lorne,Neurology,lorne.45@healthclinic.nl
46,Hermione,Pulmonologists,hermione.46@healthclinic.nl
47,Moyna,Surgery,moyna.47@healthclinic.nl
48,Estell,Otolaryngologists,estell.48@healthclinic.nl
49,Nikki,Oncologist,nikki.49@healthclinic.nl
50,Karly,Emergency Medicine,karly.50@healthclinic.nl
51,Jinny,Infectious disease,jinny.51@healthclinic.nl
52,Karena,Internists,karena.52@healthclinic.nl
53,Shauna,Psychiatry,shauna.53@healthclinic.nl
54,Monika,Psychiatry,monika.54@healthclinic.nl
55,Berta,Cardiology,berta.55@healthclinic.nl
56,Cristabel,Cardiology,cristabel.56@healthclinic.nl
57,Hollie,Anesthesiology,hollie.57@healthclinic.nl
58,Flo,Geriatrician,flo.58@healthclinic.nl
59,Annabela,Oncologist,annabela.59@healthclinic.nl
60,Verla,Otolaryngologists,verla.60@healthclinic.nl
61,Marjie,Endocrinologist,marjie.61@healthclinic.nl
62,Tamqrah,Radiology,tamqrah.62@healthclinic.nl
63,Chrystel,Otolaryngologists,chrystel.63@healthclinic.nl
64,Delilah,Ophthalmology,delilah.64@healthclinic.nl
65,Leeanne,Pulmonologists,leeanne.65@healthclinic.nl
66,Elka,Hospice and Palliative Care,elka.66@healthclinic.nl
67,Chere,Nephrology,chere.67@healthclinic.nl
68,Jere,Neurology,jere.68@healthclinic.nl
69,Karlee,Critical Care Medicine,karlee.69@healthclinic.nl
70,Carree,Allergists,carree.70@healthclinic.nl
71,Lorie,Critical Care Medicine,lorie.71@healthclinic.nl
72,Shell,Gastroenterology,shell.72@healthclinic.nl
73,Phedra,Surgery,phedra.73@healthclinic.nl
74,Brynna,Cardiology,brynna.74@healthclinic.nl
75,Alejandra,Endocrinologist,alejandra.75@healthclinic.nl
76,Dione,Psychiatry,dione.76@healthclinic.nl
77,Brana,Dermatology,brana.77@healthclinic.nl
78,Krystle,Pediatrics,krystle.78@healthclinic.nl
79,Helsa,Emergency Medicine,helsa.79@healthclinic.nl
80,Atlanta,Infectious disease,atlanta.80@healthclinic.nl
81,Johna,Obstetric Anesthesiologists,johna.81@healthclinic.nl
82,Aurore,Gastroenterology,aurore.82@healthclinic.nl
83,Rosene,Obstetric Anesthesiologists,rosene.83@healthclinic.nl
84,Jenilee,Internists,jenilee.84@healthclinic.nl
85,Mellicent,Otolaryngologists,mellicent.85@healthclinic.nl
86,Hallie,Neurology,hallie.86@healthclinic.nl
87,Annabela,Oncologist,annabela.87@healthclinic.nl
88,Shaylyn,Radiology,shaylyn.88@healthclinic.nl
89,Allis,Endocrinologist,allis.89@healthclinic.nl
90,Cassandra,Pulmonologists,cassandra.90@healthclinic.nl
91,Mariele,Neurology,mariele.91@healthclinic.nl
92,Jillayne,Allergists,jillayne.92@healthclinic.nl
93,Louella,Cardiology,louella.93@healthclinic.nl
94,Sidoney,Hospice and Palliative Care,sidoney.94@healthclinic.nl
95,Ninnetta,Pediatrics,ninnetta.95@healthclinic.nl
96,Arabel,Oncologist,arabel.96@healthclinic.nl
97,Melodie,Oncologist,melodie.97@healthclinic.nl
98,Frank,Endocrinologist,frank.98@healthclinic.nl
99,Millie,Neurology,millie.99@healthclinic.nl
100,Brooks,Allergists,brooks.100@healthclinic.nl
101,Nerta,Otolaryngologists,nerta.101@healthclinic.nl
102,Jinny,Neurology,jinny.102@healthclinic.nl
103,Vere,Allergists,vere.103@healthclinic.nl
104,Hope,Pediatrics,hope.104@healthclinic.nl
105,Barbi,Surgery,barbi.105@healthclinic.nl
106,Yolane,Ophthalmology,yolane.106@healthclinic.nl
107,Kellen,Nephrology,kellen.107@healthclinic.nl
108,Joeann,Cardiology,joeann.108@healthclinic.nl
109,Ketti,Oncologist,ketti.109@healthclinic.nl
110,Carmela,Anesthesiology,carmela.110@healthclinic.nl
111,Quintina,Oncologist,quintina.111@healthclinic.nl
112,Claudina,Infectious disease,claudina.112@healthclinic.nl
113,Sissy,Pediatrics,sissy.113@healthclinic.nl
114,Morganica,Nephrology,morganica.114@healthclinic.nl
115,Maud,Cardiology,maud.115@healthclinic.nl
116,Dominga,Radiology,dominga.116@healthclinic.nl
117,Robbi,Dermatology,robbi.117@healthclinic.nl
118,Orelia,Radiology,orelia.118@healthclinic.nl
119,Charissa,Internists,charissa.119@healthclinic.nl
120,Cacilie,Emergency Medicine,cacilie.120@healthclinic.nl
121,Beverley,Endocrinologist,beverley.121@healthclinic.nl
122,Arlina,Radiology,arlina.122@healthclinic.nl
123,Debee,Otolaryngologists,debee.123@healthclinic.nl
124,Brooks,Dermatology,brooks.124@healthclinic.nl
125,Lilith,Dermatology,lilith.125@healthclinic.nl
126,Katharina,Anesthesiology,katharina.126@healthclinic.nl
127,Adele,Cardiology,adele.127@healthclinic.nl
128,Joeann,Otolaryngologists,joeann.128@healthclinic.nl
129,Oona,Pediatrics,oona.129@healthclinic.nl
130,Tera,Otolaryngologists,tera.130@healthclinic.nl
131,Kial,Allergists,kial.131@healthclinic.nl
132,Anallese,Endocrinologist,anallese.132@healthclinic.nl
133,Raf,Family Medicine,raf.133@healthclinic.nl
134,Fredericka,Internists,fredericka.134@healthclinic.nl
135,Katleen,Ophthalmology,katleen.135@healthclinic.nl
136,Rani,Radiology,rani.136@healthclinic.nl
137,Britni,Oncologist,britni.137@healthclinic.nl
138,Aurelie,Nephrology,aurelie.138@healthclinic.nl
139,Calla,Gastroenterology,calla.139@healthclinic.nl
140,Maryellen,Endocrinologist,maryellen.140@healthclinic.nl
141,Di,Pulmonologists,di.141@healthclinic.nl
142,Teriann,Psychiatry,teriann.142@healthclinic.nl
143,Elie,Ophthalmology,elie.143@healthclinic.nl
144,Mildrid,Oncologist,mildrid.144@healthclinic.nl
145,Cathyleen,Family Medicine,cathyleen.145@healthclinic.nl
146,Alex,Pediatrics,alex.146@healthclinic.nl
147,Shandie,Radiology,shandie.147@healthclinic.nl
148,Aeriela,Otolaryngologists,aeriela.148@healthclinic.nl
149,Minne,Critical Care Medicine,minne.149@healthclinic.nl
150,Etta,Family Medicine,etta.150@healthclinic.nl
151,Ernesta,Nephrology,ernesta.151@healthclinic.nl
152,Leontine,Surgery,leontine.152@healthclinic.nl
153,Ivett,Infectious disease,ivett.153@healthclinic.nl
154,Micheline,Ophthalmology,micheline.154@healthclinic.nl
155,Modestia,Anesthesiology,modestia.155@healthclinic.nl
156,Valli,Neurology,valli.156@healthclinic.nl
157,Lynnea,Internists,lynnea.157@healthclinic.nl
158,Orsola,Oncologist,orsola.158@healthclinic.nl
159,Eugine,Gastroenterology,eugine.159@healthclinic.nl
160,Molli,Anesthesiology,molli.160@healthclinic.nl
161,Ottilie,Otolaryngologists,ottilie.161@healthclinic.nl
162,Lorie,Neurology,lorie.162@healthclinic.nl
163,Mariann,Radiology,mariann.163@healthclinic.nl
164,Inga,Hospice and Palliative Care,inga.164@healthclinic.nl
165,Harmonia,Infectious disease,harmonia.165@healthclinic.nl
166,Roslyn,Surgery,roslyn.166@healthclinic.nl
167,Marti,Pulmonologists,marti.167@healthclinic.nl
168,Merry,Pulmonologists,merry.168@healthclinic.nl
169,Lenna,Pediatrics,lenna.169@healthclinic.nl
170,Morganica,Radiology,morganica.170@healthclinic.nl
171,Charissa,Geriatrician,charissa.171@healthclinic.nl
172,Ulrike,Infectious disease,ulrike.172@healthclinic.nl
173,Merci,Allergists,merci.173@healthclinic.nl
174,Micheline,Otolaryngologists,micheline.174@healthclinic.nl
175,Noelle,Gastroenterology,noelle.175@healthclinic.nl
176,Karlee,Anesthesiology,karlee.176@healthclinic.nl
177,Georgetta,Infectious disease,georgetta.177@healthclinic.nl
178,Moyna,Pulmonologists,moyna.178@healthclinic.nl
179,Frank,Critical Care Medicine,frank.179@healthclinic.nl
180,Bernardine,Otolaryngologists,bernardine.180@healthclinic.nl
181,Marcelline,Psychiatry,marcelline.181@healthclinic.nl
182,Talya,Otolaryngologists,talya.182@healthclinic.nl
183,Alex,Dermatology,alex.183@healthclinic.nl
184,Trudie,Cardiology,trudie.184@healthclinic.nl
185,Phedra,Dermatology,phedra.185@healthclinic.nl
186,Molli,Allergists,molli.186@healthclinic.nl
187,Mellicent,Infectious disease,mellicent.187@healthclinic.nl
188,Christal,Pulmonologists,christal.188@healthclinic.nl
189,Mahalia,Surgery,mahalia.189@healthclinic.nl
190,Alyssa,Emergency Medicine,alyssa.190@healthclinic.nl
191,Dorthy,Gastroenterology,dorthy.191@healthclinic.nl
192,Merrie,Ophthalmology,merrie.192@healthclinic.nl
193,Taffy,Neurology,taffy.193@healthclinic.nl
194,Jean,Ophthalmology,jean.194@healthclinic.nl
195,Florencia,Oncologist,florencia.195@healthclinic.nl
196,Nanete,Oncologist,nanete.196@healthclinic.nl
197,Carilyn,Otolaryngologists,carilyn.197@healthclinic.nl
198,Chastity,Radiology,chastity.198@healthclinic.nl
199,Grier,Dermatology,grier.199@healthclinic.nl
200,Rozele,Neurology,rozele.200@healthclinic.nl
201,Karly,Internists,karly.201@healthclinic.nl
202,Dulcinea,Dermatology,dulcinea.202@healthclinic.nl
203,Brianna,Dermatology,brianna.203@healthclinic.nl
204,Margalo,Otolaryngologists,margalo.204@healthclinic.nl
205,Bernie,Anesthesiology,bernie.205@healthclinic.nl
206,Dacia,Gastroenterology,dacia.206@healthclinic.nl
207,Max,Dermatology,max.207@healthclinic.nl
208,Agnese,Pediatrics,agnese.208@healthclinic.nl
209,Yvonne,Radiology,yvonne.209@healthclinic.nl
210,Corina,Otolaryngologists,corina.210@healthclinic.nl
211,Candi,Critical Care Medicine,candi.211@healthclinic.nl
212,Emma,Emergency Medicine,emma.212@healthclinic.nl
213,Hallie,Allergists,hallie.213@healthclinic.nl
214,Nanete,Hospice and Palliative Care,nanete.214@healthclinic.nl
215,Pierette,Pediatrics,pierette.215@healthclinic.nl
216,Deane,Anesthesiology,deane.216@healthclinic.nl
217,Gabi,Nephrology,gabi.217@healthclinic.nl
218,Misha,Oncologist,misha.218@healthclinic.nl
219,Madeleine,Critical Care Medicine,madeleine.219@healthclinic.nl
220,Dorene,Nephrology,dorene.220@healthclinic.nl
221,Dennie,Obstetric Anesthesiologists,dennie.221@healthclinic.nl
222,Genevra,Oncologist,genevra.222@healthclinic.nl
223,Philis,Internists,philis.223@healthclinic.nl
224,Dania,Infectious disease,dania.224@healthclinic.nl
225,Sybille,Infectious disease,sybille.225@healthclinic.nl
226,Joleen,Gastroenterology,joleen.226@healthclinic.nl
227,Talya,Emergency Medicine,talya.227@healthclinic.nl
228,Desirae,Gastroenterology,desirae.228@healthclinic.nl
229,Tilly,Cardiology,tilly.229@healthclinic.nl
230,Vanessa,Gastroenterology,vanessa.230@healthclinic.nl
231,Hettie,Allergists,hettie.231@healthclinic.nl
232,Daune,Ophthalmology,daune.232@healthclinic.nl
233,Valli,Radiology,valli.233@healthclinic.nl
234,Aili,Otolaryngologists,aili.234@healthclinic.nl
235,Cherilyn,Oncologist,cherilyn.235@healthclinic.nl
236,Krystle,Obstetric Anesthesiologists,krystle.236@healthclinic.nl
237,Andeee,Ophthalmology,andeee.237@healthclinic.nl
238,Steffane,Nephrology,steffane.238@healthclinic.nl
239,Corina,Nephrology,corina.239@healthclinic.nl
240,Corry,Geriatrician,corry.240@healthclinic.nl
241,Flo,Radiology,flo.241@healthclinic.nl
242,Lynea,Emergency Medicine,lynea.242@healthclinic.nl
243,Taffy,Otolaryngologists,taffy.243@healthclinic.nl
244,Melina,Emergency Medicine,melina.244@healthclinic.nl
245,Henriette,Cardiology,henriette.245@healthclinic.nl
246,Jessy,Oncologist,jessy.246@healthclinic.nl
247,Jolyn,Gastroenterology,jolyn.247@healthclinic.nl
248,Gianina,Obstetric Anesthesiologists,gianina.248@healthclinic.nl
249,Farrah,Geriatrician,farrah.249@healthclinic.nl
250,Minda,Obstetric Anesthesiologists,minda.250@healthclinic.nl
251,Joane,Neurology,joane.251@healthclinic.nl
252,Carree,Geriatrician,carree.252@healthclinic.nl
253,Livvyy,Infectious disease,livvyy.253@healthclinic.nl
254,Siana,Oncologist,siana.254@healthclinic.nl
255,Heddie,Psychiatry,heddie.255@healthclinic.nl
256,Charlena,Critical Care Medicine,charlena.256@healthclinic.nl
257,Minne,Dermatology,minne.257@healthclinic.nl
258,Candi,Oncologist,candi.258@healthclinic.nl
259,Dominga,Pulmonologists,dominga.259@healthclinic.nl
260,Tina,Otolaryngologists,tina.260@healthclinic.nl
261,Nannie,Oncologist,nannie.261@healthclinic.nl
262,Nerta,Internists,nerta.262@healthclinic.nl
263,Emmey,Oncologist,emmey.263@healthclinic.nl
264,Fanchon,Pediatrics,fanchon.264@healthclinic.nl
265,Jessamyn,Infectious disease,jessamyn.265@healthclinic.nl
266,Jacquetta,Ophthalmology,jacquetta.266@healthclinic.nl
267,Rosene,Psychiatry,rosene.267@healthclinic.nl
268,Laure,Radiology,laure.268@healthclinic.nl
269,Ermengarde,Oncologist,ermengarde.269@healthclinic.nl
270,Goldie,Ophthalmology,goldie.270@healthclinic.nl
271,Karolina,Internists,karolina.271@healthclinic.nl
272,Gisela,Endocrinologist,gisela.272@healthclinic.nl
273,Cathyleen,Emergency Medicine,cathyleen.273@healthclinic.nl
274,Adelle,Internists,adelle.274@healthclinic.nl
275,Shirlee,Pulmonologists,shirlee.275@healthclinic.nl
276,Carmencita,Psychiatry,carmencita.276@healthclinic.nl
277,Romona,Surgery,romona.277@healthclinic.nl
278,Linet,Gastroenterology,linet.278@healthclinic.nl
279,Heddie,Family Medicine,heddie.279@healthclinic.nl
280,Nyssa,Internists,nyssa.280@healthclinic.nl
281,Doro,Obstetric Anesthesiologists,doro.281@healthclinic.nl
282,Catrina,Endocrinologist,catrina.282@healthclinic.nl
283,Basia,Allergists,basia.283@healthclinic.nl
284,Hope,Anesthesiology,hope.284@healthclinic.nl
285,Averyl,Dermatology,averyl.285@healthclinic.nl
286,Randa,Dermatology,randa.286@healthclinic.nl
287,Emmey,Endocrinologist,emmey.287@healthclinic.nl
288,Elise,Dermatology,elise.288@healthclinic.nl
289,Roz,Hospice and Palliative Care,roz.289@healthclinic.nl
290,Hallie,Pediatrics,hallie.290@healthclinic.nl
291,Max,Family Medicine,max.291@healthclinic.nl
292,Wendi,Otolaryngologists,wendi.292@healthclinic.nl
293,Nicoli,Oncologist,nicoli.293@healthclinic.nl
294,Annora,Gastroenterology,annora.294@healthclinic.nl
295,Peri,Internists,peri.295@healthclinic.nl
296,Melisent,Emergency Medicine,melisent.296@healthclinic.nl
297,Ninnetta,Ophthalmology,ninnetta.297@healthclinic.nl
298,Rubie,Infectious disease,rubie.298@healthclinic.nl
299,Ronna,Infectious disease,ronna.299@healthclinic.nl
300,Estell,Emergency Medicine,estell.300@healthclinic.nl
301,Daryl,Surgery,daryl.301@healthclinic.nl
302,Leanna,Internists,leanna.302@healthclinic.nl
303,Nanete,Family Medicine,nanete.303@healthclinic.nl
304,Tybie,Obstetric Anesthesiologists,tybie.304@healthclinic.nl
305,Fina,Pulmonologists,fina.305@healthclinic.nl
306,Brooks,Oncologist,brooks.306@healthclinic.nl
307,Beth,Geriatrician,beth.307@healthclinic.nl
308,Minda,Infectious disease,minda.308@healthclinic.nl
309,Flory,Nephrology,flory.309@healthclinic.nl
310,Marnia,Psychiatry,marnia.310@healthclinic.nl
311,Elora,Pulmonologists,elora.311@healthclinic.nl
312,Aimil,Dermatology,aimil.312@healthclinic.nl
313,Mildrid,Infectious disease,mildrid.313@healthclinic.nl
314,Nanete,Pediatrics,nanete.314@healthclinic.nl
315,Ada,Pulmonologists,ada.315@healthclinic.nl
316,Mireielle,Allergists,mireielle.316@healthclinic.nl
317,Mariann,Neurology,mariann.317@healthclinic.nl
318,Ernesta,Cardiology,ernesta.318@healthclinic.nl
319,Orelia,Gastroenterology,orelia.319@healthclinic.nl
320,Sara-Ann,Pediatrics,sara.ann.320@healthclinic.nl
321,Ketti,Otolaryngologists,ketti.321@healthclinic.nl
322,Sue,Critical Care Medicine,sue.322@healthclinic.nl
323,Cyb,Hospice and Palliative Care,cyb.323@healthclinic.nl
324,Carmela,Family Medicine,carmela.324@healthclinic.nl
325,Sashenka,Pediatrics,sashenka.325@healthclinic.nl
326,Letizia,Infectious disease,letizia.326@healthclinic.nl
327,Cristabel,Oncologist,cristabel.327@healthclinic.nl
328,Quintina,Anesthesiology,quintina.328@healthclinic.nl
329,Katleen,Nephrology,katleen.329@healthclinic.nl
330,Britte,Pulmonologists,britte.330@healthclinic.nl
331,Julieta,Allergists,julieta.331@healthclinic.nl
332,Juliane,Nephrology,juliane.332@healthclinic.nl
333,Cyndie,Pediatrics,cyndie.333@healthclinic.nl
334,Gertrud,Hospice and Palliative Care,gertrud.334@healthclinic.nl
335,Jobi,Surgery,jobi.335@healthclinic.nl
336,Florie,Surgery,florie.336@healthclinic.nl
337,Genovera,Psychiatry,genovera.337@healthclinic.nl
338,Chickie,Cardiology,chickie.338@healthclinic.nl
339,Robbi,Allergists,robbi.339@healthclinic.nl
340,Danika,Ophthalmology,danika.340@healthclinic.nl
341,Evita,Family Medicine,evita.341@healthclinic.nl
342,Hollie,Cardiology,hollie.342@healthclinic.nl
343,Madeleine,Anesthesiology,madeleine.343@healthclinic.nl
344,Fawne,Ophthalmology,fawne.344@healthclinic.nl
345,Tressa,Geriatrician,tressa.345@healthclinic.nl
346,Kimmy,Gastroenterology,kimmy.346@healthclinic.nl
347,Gerianna,Neurology,gerianna.347@healthclinic.nl
348,Lanae,Obstetric Anesthesiologists,lanae.348@healthclinic.nl
349,Netty,Obstetric Anesthesiologists,netty.349@healthclinic.nl
350,Meriel,Radiology,meriel.350@healthclinic.nl
351,Clementine,Cardiology,clementine.351@healthclinic.nl
352,Leeanne,Radiology,leeanne.352@healthclinic.nl
353,Nikki,Oncologist,nikki.353@healthclinic.nl
354,Ann-Marie,Dermatology,ann.marie.354@healthclinic.nl
355,Talya,Radiology,talya.355@healthclinic.nl
356,Addia,Nephrology,addia.356@healthclinic.nl
357,Loree,Critical Care Medicine,loree.357@healthclinic.nl
358,Laurene,Ophthalmology,laurene.358@healthclinic.nl
359,Sashenka,Pediatrics,sashenka.359@healthclinic.nl
360,Quintina,Anesthesiology,quintina.360@healthclinic.nl
361,Carolina,Neurology,carolina.361@healthclinic.nl
362,Dyann,Cardiology,dyann.362@healthclinic.nl
363,Christal,Neurology,christal.363@healthclinic.nl
364,Charissa,Oncologist,charissa.364@healthclinic.nl
365,Zia,Family Medicine,zia.365@healthclinic.nl
366,Misha,Pediatrics,misha.366@healthclinic.nl
367,Margette,Cardiology,margette.367@healthclinic.nl
368,Marinna,Ophthalmology,marinna.368@healthclinic.nl
369,Jinny,Surgery,jinny.369@healthclinic.nl
370,Tomasina,Psychiatry,tomasina.370@healthclinic.nl
371,Ingrid,Psychiatry,ingrid.371@healthclinic.nl
372,Nataline,Family Medicine,nataline.372@healthclinic.nl
373,Mady,Family Medicine,mady.373@healthclinic.nl
374,Harmonia,Emergency Medicine,harmonia.374@healthclinic.nl
375,Anestassia,Family Medicine,anestassia.375@healthclinic.nl
376,Marylou,Oncologist,marylou.376@healthclinic.nl
377,Shell,Critical Care Medicine,shell.377@healthclinic.nl
378,Katuscha,Dermatology,katuscha.378@healthclinic.nl
379,Gilda,Dermatology,gilda.379@healthclinic.nl
380,Joeann,Radiology,joeann.380@healthclinic.nl
381,Charissa,Hospice and Palliative Care,charissa.381@healthclinic.nl
382,Dede,Nephrology,dede.382@healthclinic.nl
383,Cherrita,Neurology,cherrita.383@healthclinic.nl
384,Briney,Obstetric Anesthesiologists,briney.384@healthclinic.nl
385,Dione,Gastroenterology,dione.385@healthclinic.nl
386,Ebonee,Anesthesiology,ebonee.386@healthclinic.nl
387,Monika,Infectious disease,monika.387@healthclinic.nl
388,Kirbee,Allergists,kirbee.388@healthclinic.nl
389,Marsiella,Critical Care Medicine,marsiella.389@healthclinic.nl
390,Vivia,Geriatrician,vivia.390@healthclinic.nl
391,Frank,Obstetric Anesthesiologists,frank.391@healthclinic.nl
392,Sam,Obstetric Anesthesiologists,sam.392@healthclinic.nl
393,Kerrin,Geriatrician,kerrin.393@healthclinic.nl
394,Maurene,Ophthalmology,maurene.394@healthclinic.nl
395,Cyb,Ophthalmology,cyb.395@healthclinic.nl
396,Cyndie,Allergists,cyndie.396@healthclinic.nl
397,Ardeen,Pulmonologists,ardeen.397@healthclinic.nl
398,Nadine,Pediatrics,nadine.398@healthclinic.nl
399,Karly,Psychiatry,karly.399@healthclinic.nl
400,Quintina,Oncologist,quintina.400@healthclinic.nl
401,Gerrie,Otolaryngologists,gerrie.401@healthclinic.nl
402,Yolane,Emergency Medicine,yolane.402@healthclinic.nl
403,Paule,Family Medicine,paule.403@healthclinic.nl
404,Ada,Ophthalmology,ada.404@healthclinic.nl
405,Sissy,Pediatrics,sissy.405@healthclinic.nl
406,Gilligan,Surgery,gilligan.406@healthclinic.nl
407,Emylee,Critical Care Medicine,emylee.407@healthclinic.nl
408,Ekaterina,Infectious disease,ekaterina.408@healthclinic.nl
409,Tiffie,Endocrinologist,tiffie.409@healthclinic.nl
410,Laurene,Ophthalmology,laurene.410@healthclinic.nl
411,Zia,Emergency Medicine,zia.411@healthclinic.nl
412,Liana,Gastroenterology,liana.412@healthclinic.nl
413,Dyann,Hospice and Palliative Care,dyann.413@healthclinic.nl
414,Dennie,Internists,dennie.414@healthclinic.nl
415,Kathy,Pediatrics,kathy.415@healthclinic.nl
416,Shauna,Surgery,shauna.416@healthclinic.nl
417,Fredericka,Surgery,fredericka.417@healthclinic.nl
418,Mildrid,Geriatrician,mildrid.418@healthclinic.nl
419,Elena,Allergists,elena.419@healthclinic.nl
420,Betta,Anesthesiology,betta.420@healthclinic.nl
421,Gwyneth,Neurology,gwyneth.421@healthclinic.nl
422,Moyna,Cardiology,moyna.422@healthclinic.nl
423,Zsa Zsa,Ophthalmology,zsa.zsa.423@healthclinic.nl
424,Kate,Pulmonologists,kate.424@healthclinic.nl
425,Harmonia,Nephrology,harmonia.425@healthclinic.nl
426,Hayley,Pediatrics,hayley.426@healthclinic.nl
427,Nita,Gastroenterology,nita.427@healthclinic.nl
428,Kylynn,Allergists,kylynn.428@healthclinic.nl
429,Aurelie,Surgery,aurelie.429@healthclinic.nl
430,Wanda,Ophthalmology,wanda.430@healthclinic.nl
431,Doralynne,Hospice and Palliative Care,doralynne.431@healthclinic.nl
432,Moyna,Critical Care Medicine,moyna.432@healthclinic.nl
433,Rosaline,Pulmonologists,rosaline.433@healthclinic.nl
434,Dacia,Endocrinologist,dacia.434@healthclinic.nl
435,Kaia,Ophthalmology,kaia.435@healthclinic.nl
436,Veda,Ophthalmology,veda.436@healthclinic.nl
437,Giustina,Gastroenterology,giustina.437@healthclinic.nl
438,Joeann,Obstetric Anesthesiologists,joeann.438@healthclinic.nl
439,Brietta,Pediatrics,brietta.439@healthclinic.nl
440,Georgetta,Internists,georgetta.440@healthclinic.nl
441,Teriann,Hospice and Palliative Care,teriann.441@healthclinic.nl
442,Shaine,Anesthesiology,shaine.442@healthclinic.nl
443,Gilligan,Gastroenterology,gilligan.443@healthclinic.nl
444,Lila,Family Medicine,lila.444@healthclinic.nl
445,Doro,Obstetric Anesthesiologists,doro.445@healthclinic.nl
446,Patricia,Family Medicine,patricia.446@healthclinic.nl
447,Adore,Neurology,adore.447@healthclinic.nl
448,Romona,Pediatrics,romona.448@healthclinic.nl
449,Alleen,Pulmonologists,alleen.449@healthclinic.nl
450,Aeriela,Gastroenterology,aeriela.450@healthclinic.nl
451,Rhea,Endocrinologist,rhea.451@healthclinic.nl
452,Zia,Dermatology,zia.452@healthclinic.nl
453,Frieda,Internists,frieda.453@healthclinic.nl
454,Andeee,Endocrinologist,andeee.454@healthclinic.nl
455,Rozele,Critical Care Medicine,rozele.455@healthclinic.nl
456,Brandise,Cardiology,brandise.456@healthclinic.nl
457,Ida,Infectious disease,ida.457@healthclinic.nl
458,Carlie,Ophthalmology,carlie.458@healthclinic.nl
459,Vevay,Emergency Medicine,vevay.459@healthclinic.nl
460,Emelina,Critical Care Medicine,emelina.460@healthclinic.nl
461,Willetta,Gastroenterology,willetta.461@healthclinic.nl
462,Aaren,Critical Care Medicine,aaren.462@healthclinic.nl
463,Nonnah,Hospice and Palliative Care,nonnah.463@healthclinic.nl
464,Jobi,Gastroenterology,jobi.464@healthclinic.nl
465,Tami,Allergists,tami.465@healthclinic.nl
466,Shel,Hospice and Palliative Care,shel.466@healthclinic.nl
467,Hildegaard,Surgery,hildegaard.467@healthclinic.nl
468,Laurene,Oncologist,laurene.468@healthclinic.nl
469,Viviene,Gastroenterology,viviene.469@healthclinic.nl
470,Kary,Internists,kary.470@healthclinic.nl
471,Maisey,Obstetric Anesthesiologists,maisey.471@healthclinic.nl
472,Marleah,Gastroenterology,marleah.472@healthclinic.nl
473,Sashenka,Radiology,sashenka.473@healthclinic.nl
474,Starla,Neurology,starla.474@healthclinic.nl
475,Karena,Neurology,karena.475@healthclinic.nl
476,Joelly,Ophthalmology,joelly.476@healthclinic.nl
477,Livvyy,Cardiology,livvyy.477@healthclinic.nl
478,Dagmar,Internists,dagmar.478@healthclinic.nl
479,Emelina,Family Medicine,emelina.479@healthclinic.nl
480,Jenilee,Internists,jenilee.480@healthclinic.nl
481,June,Emergency Medicine,june.481@healthclinic.nl
482,Hermione,Radiology,hermione.482@healthclinic.nl
483,Marita,Infectious disease,marita.483@healthclinic.nl
484,Randa,Dermatology,randa.484@healthclinic.nl
485,Glynnis,Infectious disease,glynnis.485@healthclinic.nl
486,Carlie,Dermatology,carlie.486@healthclinic.nl
487,Cyndie,Dermatology,cyndie.487@healthclinic.nl
488,Lolita,Family Medicine,lolita.488@healthclinic.nl
489,Agnese,Gastroenterology,agnese.489@healthclinic.nl
490,Merry,Internists,merry.490@healthclinic.nl
491,Kelly,Ophthalmology,kelly.491@healthclinic.nl
492,Marguerite,Gastroenterology,marguerite.492@healthclinic.nl
493,Robinia,Cardiology,robinia.493@healthclinic.nl
494,Jolyn,Infectious disease,jolyn.494@healthclinic.nl
495,Catrina,Pulmonologists,catrina.495@healthclinic.nl
496,Emilia,Pediatrics,emilia.496@healthclinic.nl
497,Leanna,Anesthesiology,leanna.497@healthclinic.nl
498,Sandie,Infectious disease,sandie.498@healthclinic.nl
499,Ana,Allergists,ana.499@healthclinic.nl
500,Mariele,Anesthesiology,mariele.500@healthclinic.nl
501,Margalo,Infectious disease,margalo.501@healthclinic.nl
502,Albertina,Emergency Medicine,albertina.502@healthclinic.nl
503,Max,Infectious disease,max.503@healthclinic.nl
504,Wileen,Surgery,wileen.504@healthclinic.nl
505,Harrietta,Anesthesiology,harrietta.505@healthclinic.nl
506,Florie,Family Medicine,florie.506@healthclinic.nl
507,Janenna,Radiology,janenna.507@healthclinic.nl
508,Kylynn,Gastroenterology,kylynn.508@healthclinic.nl
509,Leanna,Pulmonologists,leanna.509@healthclinic.nl
510,Lanna,Neurology,lanna.510@healthclinic.nl
511,Sheelagh,Infectious disease,sheelagh.511@healthclinic.nl
512,Morganica,Allergists,morganica.512@healthclinic.nl
513,Minda,Internists,minda.513@healthclinic.nl
514,Mahalia,Allergists,mahalia.514@healthclinic.nl
515,Nollie,Anesthesiology,nollie.515@healthclinic.nl
516,Roberta,Obstetric Anesthesiologists,roberta.516@healthclinic.nl
517,Constance,Geriatrician,constance.517@healthclinic.nl
518,Konstance,Gastroenterology,konstance.518@healthclinic.nl
519,Nessie,Neurology,nessie.519@healthclinic.nl
520,Marnia,Anesthesiology,marnia.520@healthclinic.nl
521,Netty,Anesthesiology,netty.521@healthclinic.nl
522,Tori,Oncologist,tori.522@healthclinic.nl
523,Gusty,Radiology,gusty.523@healthclinic.nl
524,Kristina,Internists,kristina.524@healthclinic.nl
525,Carolina,Pulmonologists,carolina.525@healthclinic.nl
526,Jeanna,Obstetric Anesthesiologists,jeanna.526@healthclinic.nl
527,Aubrie,Neurology,aubrie.527@healthclinic.nl
528,Ellette,Internists,ellette.528@healthclinic.nl
529,Imojean,Infectious disease,imojean.529@healthclinic.nl
530,Mureil,Infectious disease,mureil.530@healthclinic.nl
531,Lita,Ophthalmology,lita.531@healthclinic.nl
532,Lesly,Ophthalmology,lesly.532@healthclinic.nl
533,Jenda,Family Medicine,jenda.533@healthclinic.nl
534,Magdalena,Obstetric Anesthesiologists,magdalena.534@healthclinic.nl
535,Shaylyn,Ophthalmology,shaylyn.535@healthclinic.nl
536,Jaclyn,Otolaryngologists,jaclyn.536@healthclinic.nl
537,Wynne,Infectious disease,wynne.537@healthclinic.nl
538,Arlina,Pediatrics,arlina.538@healthclinic.nl
539,Tani,Emergency Medicine,tani.539@healthclinic.nl
540,Dyann,Radiology,dyann.540@healthclinic.nl
541,Sheree,Neurology,sheree.541@healthclinic.nl
542,Michaelina,Neurology,michaelina.542@healthclinic.nl
543,Petronia,Anesthesiology,petronia.543@healthclinic.nl
544,Margarette,Psychiatry,margarette.544@healthclinic.nl
545,Laurene,Pulmonologists,laurene.545@healthclinic.nl
546,Dode,Obstetric Anesthesiologists,dode.546@healthclinic.nl
547,Dominga,Critical Care Medicine,dominga.547@healthclinic.nl
548,Max,Otolaryngologists,max.548@healthclinic.nl
549,Ursulina,Nephrology,ursulina.549@healthclinic.nl
550,Asia,Dermatology,asia.550@healthclinic.nl
551,Ronna,Endocrinologist,ronna.551@healthclinic.nl
552,Krystle,Nephrology,krystle.552@healthclinic.nl
553,Vanessa,Otolaryngologists,vanessa.553@healthclinic.nl
554,Randa,Critical Care Medicine,randa.554@healthclinic.nl
555,Rani,Gastroenterology,rani.555@healthclinic.nl
556,Tera,Dermatology,tera.556@healthclinic.nl
557,Edith,Psychiatry,edith.557@healthclinic.nl
558,Dorthy,Pediatrics,dorthy.558@healthclinic.nl
559,Gerianna,Pulmonologists,gerianna.559@healthclinic.nl
560,Carilyn,Allergists,carilyn.560@healthclinic.nl
561,Zondra,Radiology,zondra.561@healthclinic.nl
562,Nita,Geriatrician,nita.562@healthclinic.nl
563,Bobbi,Oncologist,bobbi.563@healthclinic.nl
564,Ninnetta,Pulmonologists,ninnetta.564@healthclinic.nl
565,Lynde,Radiology,lynde.565@healthclinic.nl
566,Vanessa,Internists,vanessa.566@healthclinic.nl
567,Pamella,Nephrology,pamella.567@healthclinic.nl
568,Henriette,Endocrinologist,henriette.568@healthclinic.nl
569,Zia,Ophthalmology,zia.569@healthclinic.nl
570,Blondelle,Endocrinologist,blondelle.570@healthclinic.nl
571,Mureil,Endocrinologist,mureil.571@healthclinic.nl
572,Gui,Allergists,gui.572@healthclinic.nl
573,Riannon,Allergists,riannon.573@healthclinic.nl
574,Nerta,Ophthalmology,nerta.574@healthclinic.nl
575,Tierney,Cardiology,tierney.575@healthclinic.nl
576,Janis,Nephrology,janis.576@healthclinic.nl
577,Nerta,Gastroenterology,nerta.577@healthclinic.nl
578,Rosanne,Geriatrician,rosanne.578@healthclinic.nl
579,Adriana,Ophthalmology,adriana.579@healthclinic.nl
580,Fernande,Ophthalmology,fernande.580@healthclinic.nl
581,Josephine,Emergency Medicine,josephine.581@healthclinic.nl
582,Addia,Surgery,addia.582@healthclinic.nl
583,Verla,Emergency Medicine,verla.583@healthclinic.nl
584,Britte,Neurology,britte.584@healthclinic.nl
585,Sophia,Nephrology,sophia.585@healthclinic.nl
586,Glenda,Neurology,glenda.586@healthclinic.nl
587,Arabel,Pediatrics,arabel.587@healthclinic.nl
588,Rivalee,Nephrology,rivalee.588@healthclinic.nl
589,Ricky,Infectious disease,ricky.589@healthclinic.nl
590,Lolita,Nephrology,lolita.590@healthclinic.nl
591,Sarette,Neurology,sarette.591@healthclinic.nl
592,Grier,Allergists,grier.592@healthclinic.nl
593,Roxane,Allergists,roxane.593@healthclinic.nl
594,Myriam,Cardiology,myriam.594@healthclinic.nl
595,Lindie,Emergency Medicine,lindie.595@healthclinic.nl
596,Bobinette,Oncologist,bobinette.596@healthclinic.nl
597,Calla,Hospice and Palliative Care,calla.597@healthclinic.nl
598,Estell,Geriatrician,estell.598@healthclinic.nl
599,Moyna,Infectious disease,moyna.599@healthclinic.nl
600,Ofilia,Pulmonologists,ofilia.600@healthclinic.nl
601,Selia,Dermatology,selia.601@healthclinic.nl
602,Michaelina,Dermatology,michaelina.602@healthclinic.nl
603,Shel,Ophthalmology,shel.603@healthclinic.nl
604,Gretal,Neurology,gretal.604@healthclinic.nl
605,Cacilie,Family Medicine,cacilie.605@healthclinic.nl
606,Nita,Family Medicine,nita.606@healthclinic.nl
607,Isa,Obstetric Anesthesiologists,isa.607@healthclinic.nl
608,Verla,Neurology,verla.608@healthclinic.nl
609,Dotty,Cardiology,dotty.609@healthclinic.nl
610,Ofilia,Endocrinologist,ofilia.610@healthclinic.nl
611,Gabriellia,Internists,gabriellia.611@healthclinic.nl
612,Candi,Dermatology,candi.612@healthclinic.nl
613,Corene,Oncologist,corene.613@healthclinic.nl
614,Tiffie,Otolaryngologists,tiffie.614@healthclinic.nl
615,Correy,Internists,correy.615@healthclinic.nl
616,Giustina,Radiology,giustina.616@healthclinic.nl
617,Lorie,Ophthalmology,lorie.617@healthclinic.nl
618,Adore,Anesthesiology,adore.618@healthclinic.nl
619,Cyndie,Cardiology,cyndie.619@healthclinic.nl
620,Glenda,Allergists,glenda.620@healthclinic.nl
621,Tera,Pulmonologists,tera.621@healthclinic.nl
622,Emma,Psychiatry,emma.622@healthclinic.nl
623,Ricky,Obstetric Anesthesiologists,ricky.623@healthclinic.nl
624,Addia,Obstetric Anesthesiologists,addia.624@healthclinic.nl
625,Tersina,Neurology,tersina.625@healthclinic.nl
626,Camile,Oncologist,camile.626@healthclinic.nl
627,Flory,Allergists,flory.627@healthclinic.nl
628,Karena,Pulmonologists,karena.628@healthclinic.nl
629,Chere,Geriatrician,chere.629@healthclinic.nl
630,Juliane,Dermatology,juliane.630@healthclinic.nl
631,Claresta,Oncologist,claresta.631@healthclinic.nl
632,Jaime,Endocrinologist,jaime.632@healthclinic.nl
633,Jinny,Infectious disease,jinny.633@healthclinic.nl
634,Ericka,Critical Care Medicine,ericka.634@healthclinic.nl
635,Maud,Allergists,maud.635@healthclinic.nl
636,Liana,Internists,liana.636@healthclinic.nl
637,Stacey,Anesthesiology,stacey.637@healthclinic.nl
638,Lacie,Internists,lacie.638@healthclinic.nl
639,Rhea,Anesthesiology,rhea.639@healthclinic.nl
640,Rebeca,Critical Care Medicine,rebeca.640@healthclinic.nl
641,Maridel,Allergists,maridel.641@healthclinic.nl
642,Leontine,Infectious disease,leontine.642@healthclinic.nl
643,Suzette,Cardiology,suzette.643@healthclinic.nl
644,Lanna,Internists,lanna.644@healthclinic.nl
645,Nataline,Emergency Medicine,nataline.645@healthclinic.nl
646,Annora,Radiology,annora.646@healthclinic.nl
647,Sheelagh,Ophthalmology,sheelagh.647@healthclinic.nl
648,Zsa Zsa,Oncologist,zsa.zsa.648@healthclinic.nl
649,Ira,Otolaryngologists,ira.649@healthclinic.nl
650,Mureil,Surgery,mureil.650@healthclinic.nl
651,Gusella,Neurology,gusella.651@healthclinic.nl
652,Ricky,Anesthesiology,ricky.652@healthclinic.nl
653,Catrina,Hospice and Palliative Care,catrina.653@healthclinic.nl
654,Priscilla,Obstetric Anesthesiologists,priscilla.654@healthclinic.nl
655,Wynne,Psychiatry,wynne.655@healthclinic.nl
656,Ronna,Pediatrics,ronna.656@healthclinic.nl
657,Sadie,Oncologist,sadie.657@healthclinic.nl
658,Kirstin,Surgery,kirstin.658@healthclinic.nl
659,Jerry,Critical Care Medicine,jerry.659@healthclinic.nl
660,Latisha,Pediatrics,latisha.660@healthclinic.nl
661,Rayna,Otolaryngologists,rayna.661@healthclinic.nl
662,Alejandra,Internists,alejandra.662@healthclinic.nl
663,Frank,Internists,frank.663@healthclinic.nl
664,Amara,Psychiatry,amara.664@healthclinic.nl
665,Sharai,Geriatrician,sharai.665@healthclinic.nl
666,Evita,Surgery,evita.666@healthclinic.nl
667,Lolita,Obstetric Anesthesiologists,lolita.667@healthclinic.nl
668,Edith,Surgery,edith.668@healthclinic.nl
669,Gloria,Endocrinologist,gloria.669@healthclinic.nl
670,Orsola,Pediatrics,orsola.670@healthclinic.nl
671,Berta,Radiology,berta.671@healthclinic.nl
672,Marti,Geriatrician,marti.672@healthclinic.nl
673,Hyacinthe,Allergists,hyacinthe.673@healthclinic.nl
674,Jean,Endocrinologist,jean.674@healthclinic.nl
675,Kary,Radiology,kary.675@healthclinic.nl
676,Nickie,Surgery,nickie.676@healthclinic.nl
677,Charmaine,Obstetric Anesthesiologists,charmaine.677@healthclinic.nl
678,Tersina,Pediatrics,tersina.678@healthclinic.nl
679,Sidoney,Radiology,sidoney.679@healthclinic.nl
680,Sidoney,Otolaryngologists,sidoney.680@healthclinic.nl
681,Hettie,Oncologist,hettie.681@healthclinic.nl
682,Demetris,Emergency Medicine,demetris.682@healthclinic.nl
683,Nelle,Endocrinologist,nelle.683@healthclinic.nl
684,Daryl,Internists,daryl.684@healthclinic.nl
685,Agathe,Pulmonologists,agathe.685@healthclinic.nl
686,Halette,Dermatology,halette.686@healthclinic.nl
687,Tierney,Ophthalmology,tierney.687@healthclinic.nl
688,Roxane,Endocrinologist,roxane.688@healthclinic.nl
689,Gavrielle,Endocrinologist,gavrielle.689@healthclinic.nl
690,Evaleen,Obstetric Anesthesiologists,evaleen.690@healthclinic.nl
691,Sara-Ann,Otolaryngologists,sara.ann.691@healthclinic.nl
692,Liana,Otolaryngologists,liana.692@healthclinic.nl
693,Ida,Family Medicine,ida.693@healthclinic.nl
694,Bertine,Infectious disease,bertine.694@healthclinic.nl
695,Ezmeralda,Neurology,ezmeralda.695@healthclinic.nl
696,Ada,Surgery,ada.696@healthclinic.nl
697,Sam,Hospice and Palliative Care,sam.697@healthclinic.nl
698,Chrystel,Ophthalmology,chrystel.698@healthclinic.nl
699,Brana,Nephrology,brana.699@healthclinic.nl
700,Lory,Surgery,lory.700@healthclinic.nl
701,Carilyn,Dermatology,carilyn.701@healthclinic.nl
702,Karly,Endocrinologist,karly.702@healthclinic.nl
703,Dorene,Emergency Medicine,dorene.703@healthclinic.nl
704,Karlee,Otolaryngologists,karlee.704@healthclinic.nl
705,Annora,Cardiology,annora.705@healthclinic.nl
706,Penelopa,Hospice and Palliative Care,penelopa.706@healthclinic.nl
707,Vonny,Allergists,vonny.707@healthclinic.nl
708,Jacquetta,Psychiatry,jacquetta.708@healthclinic.nl
709,Eolanda,Allergists,eolanda.709@healthclinic.nl
710,Lacie,Infectious disease,lacie.710@healthclinic.nl
711,Belinda,Gastroenterology,belinda.711@healthclinic.nl
712,Maryellen,Family Medicine,maryellen.712@healthclinic.nl
713,Addia,Endocrinologist,addia.713@healthclinic.nl
714,Roberta,Otolaryngologists,roberta.714@healthclinic.nl
715,Queenie,Anesthesiology,queenie.715@healthclinic.nl
716,Beverley,Anesthesiology,beverley.716@healthclinic.nl
717,Glynnis,Neurology,glynnis.717@healthclinic.nl
718,Susan,Internists,susan.718@healthclinic.nl
719,Darlleen,Cardiology,darlleen.719@healthclinic.nl
720,Joeann,Nephrology,joeann.720@healthclinic.nl
721,Cassondra,Endocrinologist,cassondra.721@healthclinic.nl
722,Donetta,Emergency Medicine,donetta.722@healthclinic.nl
723,Jinny,Emergency Medicine,jinny.723@healthclinic.nl
724,Blondelle,Gastroenterology,blondelle.724@healthclinic.nl
725,Lila,Surgery,lila.725@healthclinic.nl
726,Jessy,Endocrinologist,jessy.726@healthclinic.nl
727,Sybille,Pediatrics,sybille.727@healthclinic.nl
728,Justinn,Psychiatry,justinn.728@healthclinic.nl
729,Kara-Lynn,Radiology,kara.lynn.729@healthclinic.nl
730,Mariele,Ophthalmology,mariele.730@healthclinic.nl
731,Jeanna,Critical Care Medicine,jeanna.731@healthclinic.nl
732,Flo,Oncologist,flo.732@healthclinic.nl
733,Jsandye,Geriatrician,jsandye.733@healthclinic.nl
734,Quintina,Ophthalmology,quintina.734@healthclinic.nl
735,Constance,Dermatology,constance.735@healthclinic.nl
736,Pierette,Gastroenterology,pierette.736@healthclinic.nl
737,Barbi,Oncologist,barbi.737@healthclinic.nl
738,Molli,Hospice and Palliative Care,molli.738@healthclinic.nl
739,Jolyn,Internists,jolyn.739@healthclinic.nl
740,Renie,Nephrology,renie.740@healthclinic.nl
741,Andeee,Surgery,andeee.741@healthclinic.nl
742,Magdalena,Surgery,magdalena.742@healthclinic.nl
743,Georgetta,Hospice and Palliative Care,georgetta.743@healthclinic.nl
744,Lita,Otolaryngologists,lita.744@healthclinic.nl
745,Fayre,Ophthalmology,fayre.745@healthclinic.nl
746,Nollie,Endocrinologist,nollie.746@healthclinic.nl
747,Lindie,Hospice and Palliative Care,lindie.747@healthclinic.nl
748,Mary,Family Medicine,mary.748@healthclinic.nl
749,Reeba,Geriatrician,reeba.749@healthclinic.nl
750,Tera,Nephrology,tera.750@healthclinic.nl
751,Marylou,Internists,marylou.751@healthclinic.nl
752,Netty,Neurology,netty.752@healthclinic.nl
753,Danny,Otolaryngologists,danny.753@healthclinic.nl
754,Patricia,Cardiology,patricia.754@healthclinic.nl
755,Danny,Ophthalmology,danny.755@healthclinic.nl
756,Riannon,Pulmonologists,riannon.756@healthclinic.nl
757,Myrtice,Geriatrician,myrtice.757@healthclinic.nl
758,Louella,Anesthesiology,louella.758@healthclinic.nl
759,Danika,Infectious disease,danika.759@healthclinic.nl
760,Elka,Infectious disease,elka.760@healthclinic.nl
761,Norine,Radiology,norine.761@healthclinic.nl
762,Esmeralda,Psychiatry,esmeralda.762@healthclinic.nl
763,Ketti,Infectious disease,ketti.763@healthclinic.nl
764,Deirdre,Neurology,deirdre.764@healthclinic.nl
765,Rhea,Cardiology,rhea.765@healthclinic.nl
766,Kara-Lynn,Infectious disease,kara.lynn.766@healthclinic.nl
767,Damaris,Neurology,damaris.767@healthclinic.nl
768,Giustina,Nephrology,giustina.768@healthclinic.nl
769,Shannah,Allergists,shannah.769@healthclinic.nl
770,Shannah,Cardiology,shannah.770@healthclinic.nl
771,Darlleen,Emergency Medicine,darlleen.771@healthclinic.nl
772,Albertina,Otolaryngologists,albertina.772@healthclinic.nl
773,Gusella,Pulmonologists,gusella.773@healthclinic.nl
774,Shel,Psychiatry,shel.774@healthclinic.nl
775,Priscilla,Anesthesiology,priscilla.775@healthclinic.nl
776,Dorice,Otolaryngologists,dorice.776@healthclinic.nl
777,Melodie,Endocrinologist,melodie.777@healthclinic.nl
778,Oralee,Surgery,oralee.778@healthclinic.nl
779,Bobbi,Allergists,bobbi.779@healthclinic.nl
780,Leontine,Family Medicine,leontine.780@healthclinic.nl
781,Dari,Dermatology,dari.781@healthclinic.nl
782,Arlena,Family Medicine,arlena.782@healthclinic.nl
783,Annecorinne,Pulmonologists,annecorinne.783@healthclinic.nl
784,Cassondra,Endocrinologist,cassondra.784@healthclinic.nl
785,Cecile,Internists,cecile.785@healthclinic.nl
786,Kalina,Obstetric Anesthesiologists,kalina.786@healthclinic.nl
787,Catharine,Dermatology,catharine.787@healthclinic.nl
788,Dale,Anesthesiology,dale.788@healthclinic.nl
789,Tani,Geriatrician,tani.789@healthclinic.nl
790,Ardeen,Neurology,ardeen.790@healthclinic.nl
791,Rivalee,Psychiatry,rivalee.791@healthclinic.nl
792,Tomasina,Surgery,tomasina.792@healthclinic.nl
793,Wileen,Nephrology,wileen.793@healthclinic.nl
794,Petronia,Anesthesiology,petronia.794@healthclinic.nl
795,Helena,Family Medicine,helena.795@healthclinic.nl
796,Jsandye,Gastroenterology,jsandye.796@healthclinic.nl
797,Alejandra,Critical Care Medicine,alejandra.797@healthclinic.nl
798,Michaelina,Pulmonologists,michaelina.798@healthclinic.nl
799,Cathyleen,Psychiatry,cathyleen.799@healthclinic.nl
800,Ezmeralda,Anesthesiology,ezmeralda.800@healthclinic.nl
801,Rubie,Allergists,rubie.801@healthclinic.nl
802,Cyndie,Oncologist,cyndie.802@healthclinic.nl
803,Anallese,Otolaryngologists,anallese.803@healthclinic.nl
804,Anestassia,Obstetric Anesthesiologists,anestassia.804@healthclinic.nl
805,Judy,Endocrinologist,judy.805@healthclinic.nl
806,Leona,Gastroenterology,leona.806@healthclinic.nl
807,Larine,Pediatrics,larine.807@healthclinic.nl
808,Dorthy,Geriatrician,dorthy.808@healthclinic.nl
809,Josephine,Pediatrics,josephine.809@healthclinic.nl
810,Nananne,Surgery,nananne.810@healthclinic.nl
811,Briney,Emergency Medicine,briney.811@healthclinic.nl
812,Clarice,Dermatology,clarice.812@healthclinic.nl
813,Tabbatha,Oncologist,tabbatha.813@healthclinic.nl
814,Chrystel,Anesthesiology,chrystel.814@healthclinic.nl
815,Deloria,Otolaryngologists,deloria.815@healthclinic.nl
816,Loree,Anesthesiology,loree.816@healthclinic.nl
817,Elsie,Internists,elsie.817@healthclinic.nl
818,Kellen,Pediatrics,kellen.818@healthclinic.nl
819,Chastity,Otolaryngologists,chastity.819@healthclinic.nl
820,Maryellen,Oncologist,maryellen.820@healthclinic.nl
821,Abbie,Anesthesiology,abbie.821@healthclinic.nl
822,Arlena,Allergists,arlena.822@healthclinic.nl
823,Lucy,Geriatrician,lucy.823@healthclinic.nl
824,Nerta,Geriatrician,nerta.824@healthclinic.nl
825,Flory,Obstetric Anesthesiologists,flory.825@healthclinic.nl
826,Elora,Radiology,elora.826@healthclinic.nl
827,Tilly,Ophthalmology,tilly.827@healthclinic.nl
828,Marcelline,Dermatology,marcelline.828@healthclinic.nl
829,Karena,Dermatology,karena.829@healthclinic.nl
830,Tilly,Obstetric Anesthesiologists,tilly.830@healthclinic.nl
831,Amii,Emergency Medicine,amii.831@healthclinic.nl
832,Danny,Allergists,danny.832@healthclinic.nl
833,Asia,Emergency Medicine,asia.833@healthclinic.nl
834,Kore,Infectious disease,kore.834@healthclinic.nl
835,Elbertina,Psychiatry,elbertina.835@healthclinic.nl
836,Shauna,Surgery,shauna.836@healthclinic.nl
837,Vinita,Psychiatry,vinita.837@healthclinic.nl
838,Belva,Otolaryngologists,belva.838@healthclinic.nl
839,Dorene,Geriatrician,dorene.839@healthclinic.nl
840,Chere,Internists,chere.840@healthclinic.nl
841,Bill,Hospice and Palliative Care,bill.841@healthclinic.nl
842,Tersina,Critical Care Medicine,tersina.842@healthclinic.nl
843,Lanae,Oncologist,lanae.843@healthclinic.nl
844,Felice,Infectious disease,felice.844@healthclinic.nl
845,Margette,Surgery,margette.845@healthclinic.nl
846,Renie,Endocrinologist,renie.846@healthclinic.nl
847,Dorene,Cardiology,dorene.847@healthclinic.nl
848,Lorenza,Ophthalmology,lorenza.848@healthclinic.nl
849,Alex,Internists,alex.849@healthclinic.nl
850,Mariann,Obstetric Anesthesiologists,mariann.850@healthclinic.nl
851,Elie,Pulmonologists,elie.851@healthclinic.nl
852,Ericka,Dermatology,ericka.852@healthclinic.nl
853,Elmira,Oncologist,elmira.853@healthclinic.nl
854,Doro,Anesthesiology,doro.854@healthclinic.nl
855,Aigneis,Cardiology,aigneis.855@healthclinic.nl
856,Laure,Cardiology,laure.856@healthclinic.nl
857,Ardenia,Pediatrics,ardenia.857@healthclinic.nl
858,Lenna,Emergency Medicine,lenna.858@healthclinic.nl
859,Imojean,Family Medicine,imojean.859@healthclinic.nl
860,Alex,Surgery,alex.860@healthclinic.nl
861,Micheline,Ophthalmology,micheline.861@healthclinic.nl
862,Deedee,Surgery,deedee.862@healthclinic.nl
863,Fred,Surgery,fred.863@healthclinic.nl
864,Lanna,Cardiology,lanna.864@healthclinic.nl
865,Natka,Neurology,natka.865@healthclinic.nl
866,Corene,Otolaryngologists,corene.866@healthclinic.nl
867,Aurelie,Gastroenterology,aurelie.867@healthclinic.nl
868,Oona,Ophthalmology,oona.868@healthclinic.nl
869,Silvana,Allergists,silvana.869@healthclinic.nl
870,Stephanie,Nephrology,stephanie.870@healthclinic.nl
871,Anthia,Endocrinologist,anthia.871@healthclinic.nl
872,Elie,Endocrinologist,elie.872@healthclinic.nl
873,Jerry,Psychiatry,jerry.873@healthclinic.nl
874,Merrie,Pediatrics,merrie.874@healthclinic.nl
875,Alyssa,Geriatrician,alyssa.875@healthclinic.nl
876,Almeta,Allergists,almeta.876@healthclinic.nl
877,Joeann,Radiology,joeann.877@healthclinic.nl
878,Sallie,Otolaryngologists,sallie.878@healthclinic.nl
879,Corene,Internists,corene.879@healthclinic.nl
880,Talya,Surgery,talya.880@healthclinic.nl
881,Gratia,Cardiology,gratia.881@healthclinic.nl
882,Mallory,Hospice and Palliative Care,mallory.882@healthclinic.nl
883,Caritta,Allergists,caritta.883@healthclinic.nl
884,Karlee,Internists,karlee.884@healthclinic.nl
885,Jaclyn,Dermatology,jaclyn.885@healthclinic.nl
886,Sam,Dermatology,sam.886@healthclinic.nl
887,Phylis,Gastroenterology,phylis.887@healthclinic.nl
888,Lucy,Ophthalmology,lucy.888@healthclinic.nl
889,Aili,Emergency Medicine,aili.889@healthclinic.nl
890,Gabi,Ophthalmology,gabi.890@healthclinic.nl
891,Tarra,Psychiatry,tarra.891@healthclinic.nl
892,Carolina,Infectious disease,carolina.892@healthclinic.nl
893,Vere,Geriatrician,vere.893@healthclinic.nl
894,Elfreda,Obstetric Anesthesiologists,elfreda.894@healthclinic.nl
895,Mady,Geriatrician,mady.895@healthclinic.nl
896,Olivette,Emergency Medicine,olivette.896@healthclinic.nl
897,Marinna,Emergency Medicine,marinna.897@healthclinic.nl
898,Noelle,Geriatrician,noelle.898@healthclinic.nl
899,Verla,Psychiatry,verla.899@healthclinic.nl
900,Deloria,Radiology,deloria.900@healthclinic.nl
901,Annice,Psychiatry,annice.901@healthclinic.nl
902,Collen,Surgery,collen.902@healthclinic.nl
903,Aaren,Surgery,aaren.903@healthclinic.nl
904,Carmela,Pediatrics,carmela.904@healthclinic.nl
905,Cacilie,Otolaryngologists,cacilie.905@healthclinic.nl
906,Magdalena,Pediatrics,magdalena.906@healthclinic.nl
907,Joeann,Otolaryngologists,joeann.907@healthclinic.nl
908,Wendi,Family Medicine,wendi.908@healthclinic.nl
909,Valera,Geriatrician,valera.909@healthclinic.nl
910,Edyth,Neurology,edyth.910@healthclinic.nl
911,Cordi,Surgery,cordi.911@healthclinic.nl
912,Daryl,Psychiatry,daryl.912@healthclinic.nl
913,Glenda,Geriatrician,glenda.913@healthclinic.nl
914,Olivette,Endocrinologist,olivette.914@healthclinic.nl
915,Carmencita,Pediatrics,carmencita.915@healthclinic.nl
916,Pollyanna,Pulmonologists,pollyanna.916@healthclinic.nl
917,Danika,Surgery,danika.917@healthclinic.nl
918,Riannon,Anesthesiology,riannon.918@healthclinic.nl
919,Kellen,Critical Care Medicine,kellen.919@healthclinic.nl
920,Leontine,Radiology,leontine.920@healthclinic.nl
921,Gabriellia,Emergency Medicine,gabriellia.921@healthclinic.nl
922,Shaylyn,Emergency Medicine,shaylyn.922@healthclinic.nl
923,Chickie,Internists,chickie.923@healthclinic.nl
924,Fina,Geriatrician,fina.924@healthclinic.nl
925,Chickie,Infectious disease,chickie.925@healthclinic.nl
926,Tomasina,Allergists,tomasina.926@healthclinic.nl
927,Reeba,Surgery,reeba.927@healthclinic.nl
928,Belinda,Internists,belinda.928@healthclinic.nl
929,Demetris,Emergency Medicine,demetris.929@healthclinic.nl
930,Aryn,Obstetric Anesthesiologists,aryn.930@healthclinic.nl
931,Sam,Nephrology,sam.931@healthclinic.nl
932,Marita,Surgery,marita.932@healthclinic.nl
933,Kellen,Endocrinologist,kellen.933@healthclinic.nl
934,Roz,Neurology,roz.934@healthclinic.nl
935,Elise,Family Medicine,elise.935@healthclinic.nl
936,Jobi,Pulmonologists,jobi.936@healthclinic.nl
937,Nollie,Ophthalmology,nollie.937@healthclinic.nl
938,Rosaline,Pediatrics,rosaline.938@healthclinic.nl
939,Mallory,Hospice and Palliative Care,mallory.939@healthclinic.nl
940,Shel,Cardiology,shel.940@healthclinic.nl
941,Oona,Family Medicine,oona.941@healthclinic.nl
942,Joelly,Gastroenterology,joelly.942@healthclinic.nl
943,Maud,Gastroenterology,maud.943@healthclinic.nl
944,Roseline,Pulmonologists,roseline.944@healthclinic.nl
945,Karena,Psychiatry,karena.945@healthclinic.nl
946,Allis,Neurology,allis.946@healthclinic.nl
947,Cecile,Emergency Medicine,cecile.947@healthclinic.nl
948,Nelle,Otolaryngologists,nelle.948@healthclinic.nl
949,Christy,Endocrinologist,christy.949@healthclinic.nl
950,Fredericka,Family Medicine,fredericka.950@healthclinic.nl
951,Nollie,Emergency Medicine,nollie.951@healthclinic.nl
952,Althea,Gastroenterology,althea.952@healthclinic.nl
953,Dorice,Allergists,dorice.953@healthclinic.nl
954,Frances,Gastroenterology,frances.954@healthclinic.nl
955,Doralynne,Neurology,doralynne.955@healthclinic.nl
956,Codie,Otolaryngologists,codie.956@healthclinic.nl
957,Di,Emergency Medicine,di.957@healthclinic.nl
958,Isa,Ophthalmology,isa.958@healthclinic.nl
959,Margalo,Pediatrics,margalo.959@healthclinic.nl
960,Georgina,Obstetric Anesthesiologists,georgina.960@healthclinic.nl
961,Dolli,Endocrinologist,dolli.961@healthclinic.nl
962,Karly,Internists,karly.962@healthclinic.nl
963,Emma,Critical Care Medicine,emma.963@healthclinic.nl
964,Mamie,Pediatrics,mamie.964@healthclinic.nl
965,Jean,Otolaryngologists,jean.965@healthclinic.nl
966,Consuela,Oncologist,consuela.966@healthclinic.nl
967,Fidelia,Nephrology,fidelia.967@healthclinic.nl
968,Caritta,Surgery,caritta.968@healthclinic.nl
969,Helsa,Critical Care Medicine,helsa.969@healthclinic.nl
970,Carly,Emergency Medicine,carly.970@healthclinic.nl
971,Dulcinea,Pediatrics,dulcinea.971@healthclinic.nl
972,Coral,Anesthesiology,coral.972@healthclinic.nl
973,Tori,Oncologist,tori.973@healthclinic.nl
974,Beth,Psychiatry,beth.974@healthclinic.nl
975,Sindee,Anesthesiology,sindee.975@healthclinic.nl
976,Marnia,Infectious disease,marnia.976@healthclinic.nl
977,Rosabelle,Pulmonologists,rosabelle.977@healthclinic.nl
978,Chastity,Geriatrician,chastity.978@healthclinic.nl
979,Christal,Oncologist,christal.979@healthclinic.nl
980,Lindie,Nephrology,lindie.980@healthclinic.nl
981,Steffane,Allergists,steffane.981@healthclinic.nl
982,Cathie,Allergists,cathie.982@healthclinic.nl
983,Lucille,Internists,lucille.983@healthclinic.nl
984,Roseline,Pediatrics,roseline.984@healthclinic.nl
985,Nadine,Nephrology,nadine.985@healthclinic.nl
986,Christy,Nephrology,christy.986@healthclinic.nl
987,Adore,Endocrinologist,adore.987@healthclinic.nl
988,Chickie,Emergency Medicine,chickie.988@healthclinic.nl
989,Elvira,Endocrinologist,elvira.989@healthclinic.nl
990,Celene,Pulmonologists,celene.990@healthclinic.nl
991,Gretal,Oncologist,gretal.991@healthclinic.nl
992,Shandie,Oncologist,shandie.992@healthclinic.nl
993,Nikki,Psychiatry,nikki.993@healthclinic.nl
994,Kimberley,Internists,kimberley.994@healthclinic.nl
995,Andeee,Hospice and Palliative Care,andeee.995@healthclinic.nl
996,Melanie,Oncologist,melanie.996@healthclinic.nl
997,Cam,Internists,cam.997@healthclinic.nl
998,Charmaine,Allergists,charmaine.998@healthclinic.nl
999,Lanna,Hospice and Palliative Care,lanna.999@healthclinic.nl
1000,Corina,Oncologist,corina.1000@healthclinic.nl
