PatientID,FirstName,LastName,Email
1,Anallese,Halla,anallese.halla.1@patientmail.nl
2,Shel,Dearborn,shel.dearborn.2@patientmail.nl
3,Mara,Shuler,mara.shuler.3@patientmail.nl
4,Dale,Lewes,dale.lewes.4@patientmail.nl
5,Sharlene,Luhe,sharlene.luhe.5@patientmail.nl
6,Rebeca,Winnick,rebeca.winnick.6@patientmail.nl
7,Merry,Henebry,merry.henebry.7@patientmail.nl
8,Orsola,Torray,orsola.torray.8@patientmail.nl
9,Dolli,Anderea,dolli.anderea.9@patientmail.nl
10,Mellicent,Shama,mellicent.shama.10@patientmail.nl
11,Kaia,Taam,kaia.taam.11@patientmail.nl
12,Viviene,Autrey,viviene.autrey.12@patientmail.nl
13,Winny,Arley,winny.arley.13@patientmail.nl
14,Kylynn,Maryanne,kylynn.maryanne.14@patientmail.nl
15,Wendi,Chem,wendi.chem.15@patientmail.nl
16,Lory,Wu,lory.wu.16@patientmail.nl
17,Marcy,Vacuva,marcy.vacuva.17@patientmail.nl
18,Tori,Zeeba,tori.zeeba.18@patientmail.nl
19,Dennie,Emmaline,dennie.emmaline.19@patientmail.nl
20,Meriel,Loring,meriel.loring.20@patientmail.nl
21,Roseline,Anton,roseline.anton.21@patientmail.nl
22,Marinna,Ortrude,marinna.ortrude.22@patientmail.nl
23,Norine,Elbertina,norine.elbertina.23@patientmail.nl
24,Lynnea,Bennie,lynnea.bennie.24@patientmail.nl
25,Madelle,Camden,madelle.camden.25@patientmail.nl
26,Neila,Sprage,neila.sprage.26@patientmail.nl
27,Reeba,Romelda,reeba.romelda.27@patientmail.nl
28,Joleen,Sophronia,joleen.sophronia.28@patientmail.nl
29,Doro,Tybald,doro.tybald.29@patientmail.nl
30,Brena,Cassius,brena.cassius.30@patientmail.nl
31,Fidelia,Buckler,fidelia.buckler.31@patientmail.nl
32,Kore,Genna,kore.genna.32@patientmail.nl
33,Chere,Tice,chere.tice.33@patientmail.nl
34,Allis,Edison,allis.edison.34@patientmail.nl
35,Tiffie,Ochs,tiffie.ochs.35@patientmail.nl
36,Netty,Allina,netty.allina.36@patientmail.nl
37,Gale,Pattin,gale.pattin.37@patientmail.nl
38,Dari,Agle,dari.agle.38@patientmail.nl
39,Leona,Othilia,leona.othilia.39@patientmail.nl
40,Nataline,Sherrie,nataline.sherrie.40@patientmail.nl
41,Selia,Katrine,selia.katrine.41@patientmail.nl
42,Keelia,Olin,keelia.olin.42@patientmail.nl
43,Kassey,Amasa,kassey.amasa.43@patientmail.nl
44,Corry,Neils,corry.neils.44@patientmail.nl
45,Alex,Dituri,alex.dituri.45@patientmail.nl
46,Jan,Wyn,jan.wyn.46@patientmail.nl
47,Lila,Rhu,lila.rhu.47@patientmail.nl
48,Monika,Larochelle,monika.larochelle.48@patientmail.nl
49,Glynnis,Yusuk,glynnis.yusuk.49@patientmail.nl
50,Sandie,Saint,sandie.saint.50@patientmail.nl
51,Sallie,Alice,sallie.alice.51@patientmail.nl
52,Lynnea,Arquit,lynnea.arquit.52@patientmail.nl
53,Hildegaard,Maurine,hildegaard.maurine.53@patientmail.nl
54,Jerry,Pattin,jerry.pattin.54@patientmail.nl
55,Melina,Han,melina.han.55@patientmail.nl
56,Donetta,Sandye,donetta.sandye.56@patientmail.nl
57,Georgetta,Dawkins,georgetta.dawkins.57@patientmail.nl
58,Ingrid,McLaughlin,ingrid.mclaughlin.58@patientmail.nl
59,Alleen,Cyrie,alleen.cyrie.59@patientmail.nl
60,Laurene,Garek,laurene.garek.60@patientmail.nl
61,Stephanie,Dash,stephanie.dash.61@patientmail.nl
62,Beatriz,Matthew,beatriz.matthew.62@patientmail.nl
63,Basia,Sheedy,basia.sheedy.63@patientmail.nl
64,Dode,Haymes,dode.haymes.64@patientmail.nl
65,Adele,Japeth,adele.japeth.65@patientmail.nl
66,Goldie,Sophronia,goldie.sophronia.66@patientmail.nl
67,Doro,Johnsson,doro.johnsson.67@patientmail.nl
68,Lorenza,Gaynor,lorenza.gaynor.68@patientmail.nl
69,Karina,Sisile,karina.sisile.69@patientmail.nl
70,Rosaline,Nicoline,rosaline.nicoline.70@patientmail.nl
71,Kary,Telfer,kary.telfer.71@patientmail.nl
72,Leontine,Zachary,leontine.zachary.72@patientmail.nl
73,Linet,Persse,linet.persse.73@patientmail.nl
74,Imojean,Sekofski,imojean.sekofski.74@patientmail.nl
75,Marleah,Maiah,marleah.maiah.75@patientmail.nl
76,Pearline,Carri,pearline.carri.76@patientmail.nl
77,Tera,Linehan,tera.linehan.77@patientmail.nl
78,Misha,Bonilla,misha.bonilla.78@patientmail.nl
79,Sandie,Dash,sandie.dash.79@patientmail.nl
80,Bobbi,Jaylene,bobbi.jaylene.80@patientmail.nl
81,Brena,Obed,brena.obed.81@patientmail.nl
82,Mellicent,Virgin,mellicent.virgin.82@patientmail.nl
83,Cathyleen,Sigfrid,cathyleen.sigfrid.83@patientmail.nl
84,Candi,Shaver,candi.shaver.84@patientmail.nl
85,Sharlene,Kiersten,sharlene.kiersten.85@patientmail.nl
86,Courtnay,Wittie,courtnay.wittie.86@patientmail.nl
87,Rivalee,Loring,rivalee.loring.87@patientmail.nl
88,Ivett,Milson,ivett.milson.88@patientmail.nl
89,Gianina,Bevin,gianina.bevin.89@patientmail.nl
90,Marcelline,Keelia,marcelline.keelia.90@patientmail.nl
91,Kayla,Emmy,kayla.emmy.91@patientmail.nl
92,Raf,McCutcheon,raf.mccutcheon.92@patientmail.nl
93,Sonni,Regan,sonni.regan.93@patientmail.nl
94,Marcy,Melleta,marcy.melleta.94@patientmail.nl
95,Mathilda,Torray,mathilda.torray.95@patientmail.nl
96,Yolane,Kevon,yolane.kevon.96@patientmail.nl
97,Consuela,Heisel,consuela.heisel.97@patientmail.nl
98,Jany,Hortensia,jany.hortensia.98@patientmail.nl
99,Perry,Dudley,perry.dudley.99@patientmail.nl
100,Jackie,Lay,jackie.lay.100@patientmail.nl
101,Evita,Silvan,evita.silvan.101@patientmail.nl
102,Sissy,Kelula,sissy.kelula.102@patientmail.nl
103,Camile,Ovid,camile.ovid.103@patientmail.nl
104,Amalie,Raffo,amalie.raffo.104@patientmail.nl
105,Winifred,Tice,winifred.tice.105@patientmail.nl
106,Annaliese,Gaulin,annaliese.gaulin.106@patientmail.nl
107,Marti,Jarib,marti.jarib.107@patientmail.nl
108,Marcelline,Peg,marcelline.peg.108@patientmail.nl
109,Ariela,Ietta,ariela.ietta.109@patientmail.nl
110,Trixi,Hollingsworth,trixi.hollingsworth.110@patientmail.nl
111,Cam,Cordi,cam.cordi.111@patientmail.nl
112,Aryn,Arvo,aryn.arvo.112@patientmail.nl
113,Lanae,Havens,lanae.havens.113@patientmail.nl
114,Sara-Ann,Amadas,sara.ann.amadas.114@patientmail.nl
115,Consuela,Macey,consuela.macey.115@patientmail.nl
116,Chickie,Fiester,chickie.fiester.116@patientmail.nl
117,Marika,Etom,marika.etom.117@patientmail.nl
118,Sybille,McLaughlin,sybille.mclaughlin.118@patientmail.nl
119,Ilse,Gamaliel,ilse.gamaliel.119@patientmail.nl
120,Sam,Florina,sam.florina.120@patientmail.nl
121,Sherrie,Ashely,sherrie.ashely.121@patientmail.nl
122,Hannis,Madox,hannis.madox.122@patientmail.nl
123,Latisha,Percy,latisha.percy.123@patientmail.nl
124,Camile,Jammal,camile.jammal.124@patientmail.nl
125,Claresta,Lane,claresta.lane.125@patientmail.nl
126,Agnese,Gherardo,agnese.gherardo.126@patientmail.nl
127,Tiffie,Johnsson,tiffie.johnsson.127@patientmail.nl
128,Margette,Belldas,margette.belldas.128@patientmail.nl
129,Etta,Ambrosia,etta.ambrosia.129@patientmail.nl
130,Mary,Klemperer,mary.klemperer.130@patientmail.nl
131,Nyssa,Hanleigh,nyssa.hanleigh.131@patientmail.nl
132,Philis,Sawtelle,philis.sawtelle.132@patientmail.nl
133,Dione,Revkah,dione.revkah.133@patientmail.nl
134,Ileana,Fabiola,ileana.fabiola.134@patientmail.nl
135,Antonietta,Reinke,antonietta.reinke.135@patientmail.nl
136,Andeee,Chapland,andeee.chapland.136@patientmail.nl
137,Ebonee,Kendrick,ebonee.kendrick.137@patientmail.nl
138,Brooks,Ephrem,brooks.ephrem.138@patientmail.nl
139,Angela,Claudine,angela.claudine.139@patientmail.nl
140,Gilligan,Rolf,gilligan.rolf.140@patientmail.nl
141,Chere,Dom,chere.dom.141@patientmail.nl
142,Fernande,Nelsen,fernande.nelsen.142@patientmail.nl
143,Kirbee,Tarrant,kirbee.tarrant.143@patientmail.nl
144,Kara-Lynn,Goddard,kara.lynn.goddard.144@patientmail.nl
145,Chloris,Crudden,chloris.crudden.145@patientmail.nl
146,Molli,Liebermann,molli.liebermann.146@patientmail.nl
147,Daryl,Cordi,daryl.cordi.147@patientmail.nl
148,Bobbi,Ambrosia,bobbi.ambrosia.148@patientmail.nl
149,Frances,McGrody,frances.mcgrody.149@patientmail.nl
150,Misha,Yate,misha.yate.150@patientmail.nl
151,Trudie,Erb,trudie.erb.151@patientmail.nl
152,Bernardine,Bates,bernardine.bates.152@patientmail.nl
153,Sallie,Plato,sallie.plato.153@patientmail.nl
154,Emilia,Zetta,emilia.zetta.154@patientmail.nl
155,Sissy,Bari,sissy.bari.155@patientmail.nl
156,Lory,Dash,lory.dash.156@patientmail.nl
157,Thalia,Glenden,thalia.glenden.157@patientmail.nl
158,Lauryn,Karl,lauryn.karl.158@patientmail.nl
159,Mildrid,Brandice,mildrid.brandice.159@patientmail.nl
160,Susan,Christal,susan.christal.160@patientmail.nl
161,Priscilla,Mathilde,priscilla.mathilde.161@patientmail.nl
162,Emylee,Redmond,emylee.redmond.162@patientmail.nl
163,Gretal,Pelagias,gretal.pelagias.163@patientmail.nl
164,Shirlee,Anselmi,shirlee.anselmi.164@patientmail.nl
165,Roseline,Leary,roseline.leary.165@patientmail.nl
166,Renie,Pulsifer,renie.pulsifer.166@patientmail.nl
167,Michaelina,Goerke,michaelina.goerke.167@patientmail.nl
168,Winny,Kravits,winny.kravits.168@patientmail.nl
169,Melanie,Zola,melanie.zola.169@patientmail.nl
170,Zsa Zsa,Nikaniki,zsa.zsa.nikaniki.170@patientmail.nl
171,Raina,Fabiola,raina.fabiola.171@patientmail.nl
172,Joelly,Anyah,joelly.anyah.172@patientmail.nl
173,Ardys,Ortrude,ardys.ortrude.173@patientmail.nl
174,Gretal,Merell,gretal.merell.174@patientmail.nl
175,Jemie,Alva,jemie.alva.175@patientmail.nl
176,Annora,Jillane,annora.jillane.176@patientmail.nl
177,Dianemarie,Ferrell,dianemarie.ferrell.177@patientmail.nl
178,Ninnetta,Tjon,ninnetta.tjon.178@patientmail.nl
179,Mignon,Lattie,mignon.lattie.179@patientmail.nl
180,Carree,Brotherson,carree.brotherson.180@patientmail.nl
181,Roxane,Koehler,roxane.koehler.181@patientmail.nl
182,Augustine,Raama,augustine.raama.182@patientmail.nl
183,Marguerite,Silvan,marguerite.silvan.183@patientmail.nl
184,Devina,Hoenack,devina.hoenack.184@patientmail.nl
185,Loree,Bertold,loree.bertold.185@patientmail.nl
186,Ariela,Maurine,ariela.maurine.186@patientmail.nl
187,Jean,Sekofski,jean.sekofski.187@patientmail.nl
188,Queenie,Haldas,queenie.haldas.188@patientmail.nl
189,Joelly,Grimbly,joelly.grimbly.189@patientmail.nl
190,Maye,Kannry,maye.kannry.190@patientmail.nl
191,Taffy,Olympium,taffy.olympium.191@patientmail.nl
192,Codie,Bandeen,codie.bandeen.192@patientmail.nl
193,Zia,Wildermuth,zia.wildermuth.193@patientmail.nl
194,Demetris,Velick,demetris.velick.194@patientmail.nl
195,Rosene,Devlen,rosene.devlen.195@patientmail.nl
196,Roberta,Schalles,roberta.schalles.196@patientmail.nl
197,Janey,Bearnard,janey.bearnard.197@patientmail.nl
198,Elsie,Bivins,elsie.bivins.198@patientmail.nl
199,Dominga,Jalbert,dominga.jalbert.199@patientmail.nl
200,Noelle,Hailee,noelle.hailee.200@patientmail.nl
201,Fanchon,Bennie,fanchon.bennie.201@patientmail.nl
202,Carilyn,Rosemary,carilyn.rosemary.202@patientmail.nl
203,Bibby,Aaberg,bibby.aaberg.203@patientmail.nl
204,Gretal,Bonilla,gretal.bonilla.204@patientmail.nl
205,Bill,Mich,bill.mich.205@patientmail.nl
206,Ninnetta,Oneida,ninnetta.oneida.206@patientmail.nl
207,Rhoda,Glenden,rhoda.glenden.207@patientmail.nl
208,Sherrie,Alcott,sherrie.alcott.208@patientmail.nl
209,Bettine,Lareena,bettine.lareena.209@patientmail.nl
210,Arlena,Keily,arlena.keily.210@patientmail.nl
211,Myrtice,Oriana,myrtice.oriana.211@patientmail.nl
212,Joeann,Adrienne,joeann.adrienne.212@patientmail.nl
213,Dorthy,Roscoe,dorthy.roscoe.213@patientmail.nl
214,Tracey,Martguerita,tracey.martguerita.214@patientmail.nl
215,Katleen,Lewes,katleen.lewes.215@patientmail.nl
216,Ginnie,Doig,ginnie.doig.216@patientmail.nl
217,Minda,Haymes,minda.haymes.217@patientmail.nl
218,Consuela,Yusuk,consuela.yusuk.218@patientmail.nl
219,Mady,Marcellus,mady.marcellus.219@patientmail.nl
220,Carolina,Sparhawk,carolina.sparhawk.220@patientmail.nl
221,Lesly,Garbe,lesly.garbe.221@patientmail.nl
222,Brietta,Stanwood,brietta.stanwood.222@patientmail.nl
223,Lynea,Hourigan,lynea.hourigan.223@patientmail.nl
224,Hermione,Weide,hermione.weide.224@patientmail.nl
225,Verla,Gualtiero,verla.gualtiero.225@patientmail.nl
226,Yolane,Carri,yolane.carri.226@patientmail.nl
227,Ruthe,Garbe,ruthe.garbe.227@patientmail.nl
228,Janis,Marcellus,janis.marcellus.228@patientmail.nl
229,Cathie,Naashom,cathie.naashom.229@patientmail.nl
230,Lorie,Dielu,lorie.dielu.230@patientmail.nl
231,Helena,Rosemary,helena.rosemary.231@patientmail.nl
232,Elie,Brackely,elie.brackely.232@patientmail.nl
233,Gilda,Infield,gilda.infield.233@patientmail.nl
234,Amara,Aloise,amara.aloise.234@patientmail.nl
235,Jaclyn,Euridice,jaclyn.euridice.235@patientmail.nl
236,Belinda,Anis,belinda.anis.236@patientmail.nl
237,Frank,Brieta,frank.brieta.237@patientmail.nl
238,Bettine,Gusella,bettine.gusella.238@patientmail.nl
239,Lynde,Imelida,lynde.imelida.239@patientmail.nl
240,Konstance,Dichy,konstance.dichy.240@patientmail.nl
241,Evita,Ricki,evita.ricki.241@patientmail.nl
242,Brynna,Ahab,brynna.ahab.242@patientmail.nl
243,Sue,Guildroy,sue.guildroy.243@patientmail.nl
244,Brooks,Chem,brooks.chem.244@patientmail.nl
245,Dorthy,Maisey,dorthy.maisey.245@patientmail.nl
246,Winny,Dreda,winny.dreda.246@patientmail.nl
247,Blondelle,Iphlgenia,blondelle.iphlgenia.247@patientmail.nl
248,Aurelie,Jalbert,aurelie.jalbert.248@patientmail.nl
249,Darlleen,Berl,darlleen.berl.249@patientmail.nl
250,Carolina,Carbo,carolina.carbo.250@patientmail.nl
251,Valli,Rese,valli.rese.251@patientmail.nl
252,Kristan,Ortrude,kristan.ortrude.252@patientmail.nl
253,Asia,Bendick,asia.bendick.253@patientmail.nl
254,Ann-Marie,Maurine,ann.marie.maurine.254@patientmail.nl
255,Margalo,Lucienne,margalo.lucienne.255@patientmail.nl
256,Ericka,Ortrude,ericka.ortrude.256@patientmail.nl
257,Paola,Swigart,paola.swigart.257@patientmail.nl
258,Ilse,Felecia,ilse.felecia.258@patientmail.nl
259,Fanchon,Eachern,fanchon.eachern.259@patientmail.nl
260,Zondra,Mike,zondra.mike.260@patientmail.nl
261,Janenna,Croix,janenna.croix.261@patientmail.nl
262,Carly,Janene,carly.janene.262@patientmail.nl
263,Ermengarde,Izaak,ermengarde.izaak.263@patientmail.nl
264,Noelle,Grayce,noelle.grayce.264@patientmail.nl
265,Annabela,Gabrielli,annabela.gabrielli.265@patientmail.nl
266,Ardeen,Carri,ardeen.carri.266@patientmail.nl
267,Nicoli,Seligman,nicoli.seligman.267@patientmail.nl
268,Jacquetta,Kirbee,jacquetta.kirbee.268@patientmail.nl
269,Stevana,Henrie,stevana.henrie.269@patientmail.nl
270,Andeee,Devlen,andeee.devlen.270@patientmail.nl
271,Ana,Nedrud,ana.nedrud.271@patientmail.nl
272,Jere,Therine,jere.therine.272@patientmail.nl
273,Keelia,Alva,keelia.alva.273@patientmail.nl
274,Bernardine,Stuart,bernardine.stuart.274@patientmail.nl
275,Gisela,Hanshaw,gisela.hanshaw.275@patientmail.nl
276,Barbi,Lindemann,barbi.lindemann.276@patientmail.nl
277,Nelle,Prouty,nelle.prouty.277@patientmail.nl
278,Tersina,Linskey,tersina.linskey.278@patientmail.nl
279,Roz,Erich,roz.erich.279@patientmail.nl
280,Robbi,Berl,robbi.berl.280@patientmail.nl
281,Sallie,Dielu,sallie.dielu.281@patientmail.nl
282,Sharlene,Gordon,sharlene.gordon.282@patientmail.nl
283,Cassondra,Vins,cassondra.vins.283@patientmail.nl
284,Leona,Ralfston,leona.ralfston.284@patientmail.nl
285,Delilah,Edison,delilah.edison.285@patientmail.nl
286,Bettine,Lorenz,bettine.lorenz.286@patientmail.nl
287,Angela,Craggie,angela.craggie.287@patientmail.nl
288,Raina,Delp,raina.delp.288@patientmail.nl
289,Krystle,Ashok,krystle.ashok.289@patientmail.nl
290,Kristina,Ackerley,kristina.ackerley.290@patientmail.nl
291,Amalie,Stephie,amalie.stephie.291@patientmail.nl
292,Larine,Vivle,larine.vivle.292@patientmail.nl
293,Leona,Jerald,leona.jerald.293@patientmail.nl
294,Viki,Kristi,viki.kristi.294@patientmail.nl
295,Rubie,Buttaro,rubie.buttaro.295@patientmail.nl
296,Susette,Jalbert,susette.jalbert.296@patientmail.nl
297,Kelly,Kaete,kelly.kaete.297@patientmail.nl
298,Goldie,Dudley,goldie.dudley.298@patientmail.nl
299,Loree,Lutero,loree.lutero.299@patientmail.nl
300,Amara,Anderea,amara.anderea.300@patientmail.nl
301,Bernardine,August,bernardine.august.301@patientmail.nl
302,Frank,Desai,frank.desai.302@patientmail.nl
303,Camile,Olin,camile.olin.303@patientmail.nl
304,Maisey,Flyn,maisey.flyn.304@patientmail.nl
305,Neila,Tremayne,neila.tremayne.305@patientmail.nl
306,Dari,Tufts,dari.tufts.306@patientmail.nl
307,Chandra,Brodench,chandra.brodench.307@patientmail.nl
308,Correy,Pozzy,correy.pozzy.308@patientmail.nl
309,Babita,Felecia,babita.felecia.309@patientmail.nl
310,Daune,Isacco,daune.isacco.310@patientmail.nl
311,Aubrie,Carolin,aubrie.carolin.311@patientmail.nl
312,Susan,Garlinda,susan.garlinda.312@patientmail.nl
313,Korrie,Jefferey,korrie.jefferey.313@patientmail.nl
314,Deloria,Cutlerr,deloria.cutlerr.314@patientmail.nl
315,Merle,Lucienne,merle.lucienne.315@patientmail.nl
316,Zaria,Durware,zaria.durware.316@patientmail.nl
317,Berget,Hirsch,berget.hirsch.317@patientmail.nl
318,Yetty,Sherfield,yetty.sherfield.318@patientmail.nl
319,Nannie,Gino,nannie.gino.319@patientmail.nl
320,Amara,Sawtelle,amara.sawtelle.320@patientmail.nl
321,Robbi,Bakerman,robbi.bakerman.321@patientmail.nl
322,Vonny,Lissi,vonny.lissi.322@patientmail.nl
323,Jemie,Baudin,jemie.baudin.323@patientmail.nl
324,Eadie,Wattenberg,eadie.wattenberg.324@patientmail.nl
325,Leontine,Dominy,leontine.dominy.325@patientmail.nl
326,Phylis,Calhoun,phylis.calhoun.326@patientmail.nl
327,Johna,Terencio,johna.terencio.327@patientmail.nl
328,Gianina,Merna,gianina.merna.328@patientmail.nl
329,Fred,Graig,fred.graig.329@patientmail.nl
330,Karolina,Roche,karolina.roche.330@patientmail.nl
331,Stephanie,Agle,stephanie.agle.331@patientmail.nl
332,Cam,Dorothy,cam.dorothy.332@patientmail.nl
333,Grier,Ummersen,grier.ummersen.333@patientmail.nl
334,Korrie,Glovsky,korrie.glovsky.334@patientmail.nl
335,Keelia,Kauppi,keelia.kauppi.335@patientmail.nl
336,Konstance,Vary,konstance.vary.336@patientmail.nl
337,Shirlee,Bonucci,shirlee.bonucci.337@patientmail.nl
338,Melina,Revkah,melina.revkah.338@patientmail.nl
339,Selma,Naashom,selma.naashom.339@patientmail.nl
340,Bettine,Huggins,bettine.huggins.340@patientmail.nl
341,Pierette,Bari,pierette.bari.341@patientmail.nl
342,Annice,Randene,annice.randene.342@patientmail.nl
343,Reeba,Moina,reeba.moina.343@patientmail.nl
344,Tarra,Bouchard,tarra.bouchard.344@patientmail.nl
345,Maurene,Adrienne,maurene.adrienne.345@patientmail.nl
346,Ida,Pettiford,ida.pettiford.346@patientmail.nl
347,Ricky,Israeli,ricky.israeli.347@patientmail.nl
348,Netty,Moseley,netty.moseley.348@patientmail.nl
349,Sherrie,Chabot,sherrie.chabot.349@patientmail.nl
350,Vita,Couture,vita.couture.350@patientmail.nl
351,Rosene,Evangelia,rosene.evangelia.351@patientmail.nl
352,Alia,Wesle,alia.wesle.352@patientmail.nl
353,Antonietta,Ovid,antonietta.ovid.353@patientmail.nl
354,Cam,Beebe,cam.beebe.354@patientmail.nl
355,Aurore,Garrison,aurore.garrison.355@patientmail.nl
356,Christian,Ephrem,christian.ephrem.356@patientmail.nl
357,Blinni,Allare,blinni.allare.357@patientmail.nl
358,Elena,McGrody,elena.mcgrody.358@patientmail.nl
359,Dorthy,Noman,dorthy.noman.359@patientmail.nl
360,Ebonee,Gabrielli,ebonee.gabrielli.360@patientmail.nl
361,Merci,Clara,merci.clara.361@patientmail.nl
362,Nadine,Rossner,nadine.rossner.362@patientmail.nl
363,Kial,Autrey,kial.autrey.363@patientmail.nl
364,Tybie,Sandye,tybie.sandye.364@patientmail.nl
365,Delilah,Montgomery,delilah.montgomery.365@patientmail.nl
366,Pierette,Atcliffe,pierette.atcliffe.366@patientmail.nl
367,Drucie,Nedrud,drucie.nedrud.367@patientmail.nl
368,Libbie,Juan,libbie.juan.368@patientmail.nl
369,Eve,Ochs,eve.ochs.369@patientmail.nl
370,Magdalena,Alabaster,magdalena.alabaster.370@patientmail.nl
371,Rosene,Anestassia,rosene.anestassia.371@patientmail.nl
372,Lesly,Arquit,lesly.arquit.372@patientmail.nl
373,Meriel,Albertine,meriel.albertine.373@patientmail.nl
374,Christal,Goth,christal.goth.374@patientmail.nl
375,Korrie,Pattin,korrie.pattin.375@patientmail.nl
376,Lonnie,Cohdwell,lonnie.cohdwell.376@patientmail.nl
377,Verla,Ursulette,verla.ursulette.377@patientmail.nl
378,Flory,Sawtelle,flory.sawtelle.378@patientmail.nl
379,Steffane,Morgun,steffane.morgun.379@patientmail.nl
380,Heddie,Ethban,heddie.ethban.380@patientmail.nl
381,Ketti,Monk,ketti.monk.381@patientmail.nl
382,Lusa,Alisia,lusa.alisia.382@patientmail.nl
383,Anica,Pierette,anica.pierette.383@patientmail.nl
384,Ebonee,Bari,ebonee.bari.384@patientmail.nl
385,Jere,Sabella,jere.sabella.385@patientmail.nl
386,Sam,Gibbeon,sam.gibbeon.386@patientmail.nl
387,Merry,Revkah,merry.revkah.387@patientmail.nl
388,Andree,Koziara,andree.koziara.388@patientmail.nl
389,Micheline,Eugenia,micheline.eugenia.389@patientmail.nl
390,Elora,Rosemary,elora.rosemary.390@patientmail.nl
391,Annice,Gino,annice.gino.391@patientmail.nl
392,Gertrud,Naor,gertrud.naor.392@patientmail.nl
393,Alex,Mallon,alex.mallon.393@patientmail.nl
394,Heida,Sisile,heida.sisile.394@patientmail.nl
395,Tami,Georgy,tami.georgy.395@patientmail.nl
396,Cordi,Madox,cordi.madox.396@patientmail.nl
397,Renae,Gaynor,renae.gaynor.397@patientmail.nl
398,Kenna,Kesley,kenna.kesley.398@patientmail.nl
399,Hallie,Cloris,hallie.cloris.399@patientmail.nl
400,Marnia,Love,marnia.love.400@patientmail.nl
401,Ivett,Gaal,ivett.gaal.401@patientmail.nl
402,Maye,McLaughlin,maye.mclaughlin.402@patientmail.nl
403,Margette,Tamsky,margette.tamsky.403@patientmail.nl
404,Frank,Zeeba,frank.zeeba.404@patientmail.nl
405,Morganica,Haerr,morganica.haerr.405@patientmail.nl
406,Esmeralda,Dannye,esmeralda.dannye.406@patientmail.nl
407,Lizzie,Jammal,lizzie.jammal.407@patientmail.nl
408,Gilda,Thilda,gilda.thilda.408@patientmail.nl
409,Ira,Helve,ira.helve.409@patientmail.nl
410,Mellicent,Slifka,mellicent.slifka.410@patientmail.nl
411,Dagmar,Suzetta,dagmar.suzetta.411@patientmail.nl
412,Kore,Merriott,kore.merriott.412@patientmail.nl
413,Anallese,Clie,anallese.clie.413@patientmail.nl
414,Beth,Audly,beth.audly.414@patientmail.nl
415,Dacia,Saree,dacia.saree.415@patientmail.nl
416,Neila,Heisel,neila.heisel.416@patientmail.nl
417,Lucy,Leary,lucy.leary.417@patientmail.nl
418,Belinda,Gladstone,belinda.gladstone.418@patientmail.nl
419,Damaris,Greenwald,damaris.greenwald.419@patientmail.nl
420,Tori,Stacy,tori.stacy.420@patientmail.nl
421,Wynne,Zrike,wynne.zrike.421@patientmail.nl
422,Jean,Ogren,jean.ogren.422@patientmail.nl
423,Ketti,Infield,ketti.infield.423@patientmail.nl
424,Robbi,Reneta,robbi.reneta.424@patientmail.nl
425,Cassondra,Audly,cassondra.audly.425@patientmail.nl
426,Dianemarie,Cath,dianemarie.cath.426@patientmail.nl
427,Danny,Hachmin,danny.hachmin.427@patientmail.nl
428,Misha,Malina,misha.malina.428@patientmail.nl
429,Gilda,Weaks,gilda.weaks.429@patientmail.nl
430,Brana,Redmond,brana.redmond.430@patientmail.nl
431,Maisey,Goldina,maisey.goldina.431@patientmail.nl
432,Jinny,Naashom,jinny.naashom.432@patientmail.nl
433,Monika,Leary,monika.leary.433@patientmail.nl
434,Ricky,Darrell,ricky.darrell.434@patientmail.nl
435,Penelopa,Yerkovich,penelopa.yerkovich.435@patientmail.nl
436,Sallie,Lail,sallie.lail.436@patientmail.nl
437,Maryellen,Eugenia,maryellen.eugenia.437@patientmail.nl
438,Merci,Laurianne,merci.laurianne.438@patientmail.nl
439,Millie,Schwejda,millie.schwejda.439@patientmail.nl
440,Neila,Bertold,neila.bertold.440@patientmail.nl
441,Mildrid,Bakerman,mildrid.bakerman.441@patientmail.nl
442,Bobinette,Peti,bobinette.peti.442@patientmail.nl
443,Collen,Daniele,collen.daniele.443@patientmail.nl
444,Lauryn,Rogerio,lauryn.rogerio.444@patientmail.nl
445,Mireielle,Sheedy,mireielle.sheedy.445@patientmail.nl
446,Shandie,Koziara,shandie.koziara.446@patientmail.nl
447,Jillayne,Sigfrid,jillayne.sigfrid.447@patientmail.nl
448,Joelly,Othilia,joelly.othilia.448@patientmail.nl
449,Merle,Charity,merle.charity.449@patientmail.nl
450,Winifred,Kazimir,winifred.kazimir.450@patientmail.nl
451,Mariele,Emanuel,mariele.emanuel.451@patientmail.nl
452,Gabriellia,Pyle,gabriellia.pyle.452@patientmail.nl
453,Chandra,Alrich,chandra.alrich.453@patientmail.nl
454,Gwenneth,Kylander,gwenneth.kylander.454@patientmail.nl
455,Flory,Aloise,flory.aloise.455@patientmail.nl
456,Rochette,Laurianne,rochette.laurianne.456@patientmail.nl
457,Elbertina,Dosia,elbertina.dosia.457@patientmail.nl
458,Ingrid,Harl,ingrid.harl.458@patientmail.nl
459,Merrie,Lilybelle,merrie.lilybelle.459@patientmail.nl
460,Patricia,Septima,patricia.septima.460@patientmail.nl
461,Oona,Kaja,oona.kaja.461@patientmail.nl
462,Fred,Stover,fred.stover.462@patientmail.nl
463,Frances,Lamoree,frances.lamoree.463@patientmail.nl
464,Cathyleen,Caitlin,cathyleen.caitlin.464@patientmail.nl
465,Bernie,Brenn,bernie.brenn.465@patientmail.nl
466,Alexine,Isacco,alexine.isacco.466@patientmail.nl
467,Janeczka,Kinnard,janeczka.kinnard.467@patientmail.nl
468,Rosene,Oriana,rosene.oriana.468@patientmail.nl
469,Wendi,Gilmour,wendi.gilmour.469@patientmail.nl
470,Leanna,Elbertina,leanna.elbertina.470@patientmail.nl
471,Shauna,Ioab,shauna.ioab.471@patientmail.nl
472,Nikki,Hull,nikki.hull.472@patientmail.nl
473,Sam,Cookie,sam.cookie.473@patientmail.nl
474,Kelly,Celestine,kelly.celestine.474@patientmail.nl
475,Marsiella,Pitt,marsiella.pitt.475@patientmail.nl
476,Giustina,Fancie,giustina.fancie.476@patientmail.nl
477,Roz,Oster,roz.oster.477@patientmail.nl
478,Hayley,Lorenz,hayley.lorenz.478@patientmail.nl
479,Roberta,My,roberta.my.479@patientmail.nl
480,Elfreda,Stuart,elfreda.stuart.480@patientmail.nl
481,Sallie,Yorick,sallie.yorick.481@patientmail.nl
482,Shandie,Dawkins,shandie.dawkins.482@patientmail.nl
483,Cyb,Ivens,cyb.ivens.483@patientmail.nl
484,Myriam,Philoo,myriam.philoo.484@patientmail.nl
485,Binny,Frodi,binny.frodi.485@patientmail.nl
486,Mureil,Oriana,mureil.oriana.486@patientmail.nl
487,Amii,Lail,amii.lail.487@patientmail.nl
488,Sara-Ann,Wadell,sara.ann.wadell.488@patientmail.nl
489,Penelopa,Kathie,penelopa.kathie.489@patientmail.nl
490,Allis,Colleen,allis.colleen.490@patientmail.nl
491,Amelia,Durware,amelia.durware.491@patientmail.nl
492,Inga,Hourigan,inga.hourigan.492@patientmail.nl
493,Aili,Ventre,aili.ventre.493@patientmail.nl
494,Minda,MacIntosh,minda.macintosh.494@patientmail.nl
495,Clo,Cherianne,clo.cherianne.495@patientmail.nl
496,Antonietta,Claudine,antonietta.claudine.496@patientmail.nl
497,Silvana,Zina,silvana.zina.497@patientmail.nl
498,Feliza,Curren,feliza.curren.498@patientmail.nl
499,Lila,Martguerita,lila.martguerita.499@patientmail.nl
500,Vere,Bury,vere.bury.500@patientmail.nl
501,Dawn,Teryn,dawn.teryn.501@patientmail.nl
502,Feliza,Moina,feliza.moina.502@patientmail.nl
503,Karlee,Creamer,karlee.creamer.503@patientmail.nl
504,Renae,Heidt,renae.heidt.504@patientmail.nl
505,Aryn,Dominy,aryn.dominy.505@patientmail.nl
506,Dari,Schroth,dari.schroth.506@patientmail.nl
507,Inga,Camden,inga.camden.507@patientmail.nl
508,Libbie,Burnside,libbie.burnside.508@patientmail.nl
509,Benita,Ashok,benita.ashok.509@patientmail.nl
510,Olwen,Uund,olwen.uund.510@patientmail.nl
511,Barbi,Emmaline,barbi.emmaline.511@patientmail.nl
512,Cacilie,Jotham,cacilie.jotham.512@patientmail.nl
513,Mireielle,Koziara,mireielle.koziara.513@patientmail.nl
514,Gavrielle,Kellby,gavrielle.kellby.514@patientmail.nl
515,Susan,Evangelia,susan.evangelia.515@patientmail.nl
516,Merrie,Kellby,merrie.kellby.516@patientmail.nl
517,Siana,Oneida,siana.oneida.517@patientmail.nl
518,Sybille,McClimans,sybille.mcclimans.518@patientmail.nl
519,Sue,Adrienne,sue.adrienne.519@patientmail.nl
520,Asia,Riordan,asia.riordan.520@patientmail.nl
521,Ericka,Melan,ericka.melan.521@patientmail.nl
522,Misha,Ferrell,misha.ferrell.522@patientmail.nl
523,Karlee,Georas,karlee.georas.523@patientmail.nl
524,Chrystel,Berard,chrystel.berard.524@patientmail.nl
525,Millie,Belldas,millie.belldas.525@patientmail.nl
526,Carmela,Vacuva,carmela.vacuva.526@patientmail.nl
527,Margarette,Dorothy,margarette.dorothy.527@patientmail.nl
528,Kelly,O'Neill,kelly.o.neill.528@patientmail.nl
529,Joane,Yam,joane.yam.529@patientmail.nl
530,Judy,Shanley,judy.shanley.530@patientmail.nl
531,Yetty,Shanley,yetty.shanley.531@patientmail.nl
532,Janenna,Uund,janenna.uund.532@patientmail.nl
533,Grier,Noam,grier.noam.533@patientmail.nl
534,Nickie,Kiersten,nickie.kiersten.534@patientmail.nl
535,Farrah,Linehan,farrah.linehan.535@patientmail.nl
536,Concettina,Libna,concettina.libna.536@patientmail.nl
537,Clarice,Willie,clarice.willie.537@patientmail.nl
538,Aryn,Evangelia,aryn.evangelia.538@patientmail.nl
539,Rochette,Sawtelle,rochette.sawtelle.539@patientmail.nl
540,Adriana,Gherardo,adriana.gherardo.540@patientmail.nl
541,Annaliese,Saree,annaliese.saree.541@patientmail.nl
542,Dulcinea,Hebner,dulcinea.hebner.542@patientmail.nl
543,Dominga,Ventre,dominga.ventre.543@patientmail.nl
544,Aeriela,Connelly,aeriela.connelly.544@patientmail.nl
545,Collen,LaRue,collen.larue.545@patientmail.nl
546,Tilly,Nahum,tilly.nahum.546@patientmail.nl
547,Madeleine,Kussell,madeleine.kussell.547@patientmail.nl
548,Robinia,Earlie,robinia.earlie.548@patientmail.nl
549,Leanna,Madelene,leanna.madelene.549@patientmail.nl
550,Karly,Lattie,karly.lattie.550@patientmail.nl
551,Emelina,Kimmie,emelina.kimmie.551@patientmail.nl
552,Fidelia,Socha,fidelia.socha.552@patientmail.nl
553,Carree,Shama,carree.shama.553@patientmail.nl
554,Tressa,Jena,tressa.jena.554@patientmail.nl
555,Feliza,Zetta,feliza.zetta.555@patientmail.nl
556,Marinna,Bartlett,marinna.bartlett.556@patientmail.nl
557,Sam,Verger,sam.verger.557@patientmail.nl
558,Elka,Huggins,elka.huggins.558@patientmail.nl
559,Delilah,Liebermann,delilah.liebermann.559@patientmail.nl
560,Jinny,Stav,jinny.stav.560@patientmail.nl
561,Madelle,Milde,madelle.milde.561@patientmail.nl
562,Sheree,Desai,sheree.desai.562@patientmail.nl
563,Britte,Joli,britte.joli.563@patientmail.nl
564,Etta,Bergman,etta.bergman.564@patientmail.nl
565,Wynne,Silvan,wynne.silvan.565@patientmail.nl
566,Sashenka,Pernick,sashenka.pernick.566@patientmail.nl
567,Sallie,Hunfredo,sallie.hunfredo.567@patientmail.nl
568,Iseabal,Leopold,iseabal.leopold.568@patientmail.nl
569,Elfreda,Lacombe,elfreda.lacombe.569@patientmail.nl
570,Talya,Jacqui,talya.jacqui.570@patientmail.nl
571,Corly,Artie,corly.artie.571@patientmail.nl
572,Leia,Diann,leia.diann.572@patientmail.nl
573,Tamqrah,Orelee,tamqrah.orelee.573@patientmail.nl
574,Sybille,Esmaria,sybille.esmaria.574@patientmail.nl
575,Ileana,Mullane,ileana.mullane.575@patientmail.nl
576,Michaelina,Gale,michaelina.gale.576@patientmail.nl
577,Therine,Hortensia,therine.hortensia.577@patientmail.nl
578,Daune,Wildermuth,daune.wildermuth.578@patientmail.nl
579,Kaja,Bach,kaja.bach.579@patientmail.nl
580,Anallese,Knowling,anallese.knowling.580@patientmail.nl
581,Hannis,Wyn,hannis.wyn.581@patientmail.nl
582,Mamie,Loleta,mamie.loleta.582@patientmail.nl
583,Laure,Lumbard,laure.lumbard.583@patientmail.nl
584,Mellicent,Zaslow,mellicent.zaslow.584@patientmail.nl
585,Stephanie,Japeth,stephanie.japeth.585@patientmail.nl
586,Doralynne,Rolf,doralynne.rolf.586@patientmail.nl
587,Brietta,Socha,brietta.socha.587@patientmail.nl
588,Etta,Joeann,etta.joeann.588@patientmail.nl
589,Hollie,Calhoun,hollie.calhoun.589@patientmail.nl
590,Ardenia,Modie,ardenia.modie.590@patientmail.nl
591,Chere,Maisey,chere.maisey.591@patientmail.nl
592,Celestyna,Berl,celestyna.berl.592@patientmail.nl
593,Rubie,Marden,rubie.marden.593@patientmail.nl
594,Oona,Chesna,oona.chesna.594@patientmail.nl
595,Gui,Modie,gui.modie.595@patientmail.nl
596,Halette,Jillane,halette.jillane.596@patientmail.nl
597,Ekaterina,Woodberry,ekaterina.woodberry.597@patientmail.nl
598,Paule,Zola,paule.zola.598@patientmail.nl
599,Hayley,Stuart,hayley.stuart.599@patientmail.nl
600,Elka,Orpah,elka.orpah.600@patientmail.nl
601,Janis,Pierette,janis.pierette.601@patientmail.nl
602,Nyssa,Ietta,nyssa.ietta.602@patientmail.nl
603,Regina,Roumell,regina.roumell.603@patientmail.nl
604,Mignon,Waldron,mignon.waldron.604@patientmail.nl
605,Bertine,Aprile,bertine.aprile.605@patientmail.nl
606,Hettie,Ursulette,hettie.ursulette.606@patientmail.nl
607,Alyssa,Abram,alyssa.abram.607@patientmail.nl
608,Addia,Halla,addia.halla.608@patientmail.nl
609,Asia,Gherardo,asia.gherardo.609@patientmail.nl
610,Gusella,Ailyn,gusella.ailyn.610@patientmail.nl
611,Lelah,Toni,lelah.toni.611@patientmail.nl
612,Kore,Linskey,kore.linskey.612@patientmail.nl
613,Margette,Wesle,margette.wesle.613@patientmail.nl
614,Vevay,Holbrook,vevay.holbrook.614@patientmail.nl
615,Josephine,Jenness,josephine.jenness.615@patientmail.nl
616,Bettine,Duwalt,bettine.duwalt.616@patientmail.nl
617,Alisha,Elephus,alisha.elephus.617@patientmail.nl
618,Vanessa,Kendrick,vanessa.kendrick.618@patientmail.nl
619,Dennie,Ruvolo,dennie.ruvolo.619@patientmail.nl
620,Ileana,Zenas,ileana.zenas.620@patientmail.nl
621,Ann-Marie,Gwenore,ann.marie.gwenore.621@patientmail.nl
622,Mariann,Holtz,mariann.holtz.622@patientmail.nl
623,Cissiee,Lytton,cissiee.lytton.623@patientmail.nl
624,Caryl,Han,caryl.han.624@patientmail.nl
625,Doralynne,Dowski,doralynne.dowski.625@patientmail.nl
626,Tonia,Shields,tonia.shields.626@patientmail.nl
627,Agathe,Eldrid,agathe.eldrid.627@patientmail.nl
628,Chickie,Hazlett,chickie.hazlett.628@patientmail.nl
629,Jessy,Shelba,jessy.shelba.629@patientmail.nl
630,Carree,Cynar,carree.cynar.630@patientmail.nl
631,Desirae,Primalia,desirae.primalia.631@patientmail.nl
632,Sissy,Auberbach,sissy.auberbach.632@patientmail.nl
633,Nataline,Dituri,nataline.dituri.633@patientmail.nl
634,Britte,Helfand,britte.helfand.634@patientmail.nl
635,Miquela,Reidar,miquela.reidar.635@patientmail.nl
636,Annecorinne,Papageno,annecorinne.papageno.636@patientmail.nl
637,Adriana,Delp,adriana.delp.637@patientmail.nl
638,Debee,Kenwood,debee.kenwood.638@patientmail.nl
639,Patricia,Ventre,patricia.ventre.639@patientmail.nl
640,Consuela,Annabella,consuela.annabella.640@patientmail.nl
641,Henriette,Janith,henriette.janith.641@patientmail.nl
642,Rhoda,Latini,rhoda.latini.642@patientmail.nl
643,Kelly,Stoller,kelly.stoller.643@patientmail.nl
644,Rosene,Lynn,rosene.lynn.644@patientmail.nl
645,Talya,Bettine,talya.bettine.645@patientmail.nl
646,Sashenka,Even,sashenka.even.646@patientmail.nl
647,Mariann,Stoller,mariann.stoller.647@patientmail.nl
648,Carree,Bach,carree.bach.648@patientmail.nl
649,Heida,Erich,heida.erich.649@patientmail.nl
650,Aubrie,Belanger,aubrie.belanger.650@patientmail.nl
651,Therine,Love,therine.love.651@patientmail.nl
652,Cecile,Lytton,cecile.lytton.652@patientmail.nl
653,Beatriz,Hylan,beatriz.hylan.653@patientmail.nl
654,Agathe,Shaddock,agathe.shaddock.654@patientmail.nl
655,Taffy,Rese,taffy.rese.655@patientmail.nl
656,Sabina,Tillford,sabina.tillford.656@patientmail.nl
657,Sean,Dituri,sean.dituri.657@patientmail.nl
658,Petronia,Tamsky,petronia.tamsky.658@patientmail.nl
659,Sashenka,Fry,sashenka.fry.659@patientmail.nl
660,Angelique,Justinn,angelique.justinn.660@patientmail.nl
661,Sybille,Brunell,sybille.brunell.661@patientmail.nl
662,Lily,Cherianne,lily.cherianne.662@patientmail.nl
663,Elora,Hermes,elora.hermes.663@patientmail.nl
664,Dania,Rolf,dania.rolf.664@patientmail.nl
665,Edith,Malina,edith.malina.665@patientmail.nl
666,Ekaterina,Kenney,ekaterina.kenney.666@patientmail.nl
667,Trixi,Carmena,trixi.carmena.667@patientmail.nl
668,Demetris,Ade,demetris.ade.668@patientmail.nl
669,Mamie,Prouty,mamie.prouty.669@patientmail.nl
670,Kirbee,Calhoun,kirbee.calhoun.670@patientmail.nl
671,Fernande,McNully,fernande.mcnully.671@patientmail.nl
672,Livvyy,Decato,livvyy.decato.672@patientmail.nl
673,Justinn,Krystle,justinn.krystle.673@patientmail.nl
674,Jaclyn,Schlosser,jaclyn.schlosser.674@patientmail.nl
675,Lory,Kosey,lory.kosey.675@patientmail.nl
676,Misha,Garek,misha.garek.676@patientmail.nl
677,Madelle,Westphal,madelle.westphal.677@patientmail.nl
678,Roseline,Newell,roseline.newell.678@patientmail.nl
679,Tatiania,Carri,tatiania.carri.679@patientmail.nl
680,Bertine,Clywd,bertine.clywd.680@patientmail.nl
681,Nananne,Rodmann,nananne.rodmann.681@patientmail.nl
682,Coral,Raama,coral.raama.682@patientmail.nl
683,Willetta,Quent,willetta.quent.683@patientmail.nl
684,Dode,Vilma,dode.vilma.684@patientmail.nl
685,Gabriellia,Darbie,gabriellia.darbie.685@patientmail.nl
686,Blinni,Fitzsimmons,blinni.fitzsimmons.686@patientmail.nl
687,Gianina,Ingra,gianina.ingra.687@patientmail.nl
688,Glenda,Damarra,glenda.damarra.688@patientmail.nl
689,Aaren,Rustice,aaren.rustice.689@patientmail.nl
690,Lyssa,Irmine,lyssa.irmine.690@patientmail.nl
691,Jinny,Klotz,jinny.klotz.691@patientmail.nl
692,Cassondra,Olympium,cassondra.olympium.692@patientmail.nl
693,Nariko,Wattenberg,nariko.wattenberg.693@patientmail.nl
694,Cacilie,Camden,cacilie.camden.694@patientmail.nl
695,Jessamyn,Friede,jessamyn.friede.695@patientmail.nl
696,Jaclyn,Kenwood,jaclyn.kenwood.696@patientmail.nl
697,Heida,Birdella,heida.birdella.697@patientmail.nl
698,Kassey,Liebermann,kassey.liebermann.698@patientmail.nl
699,Estell,Zuzana,estell.zuzana.699@patientmail.nl
700,Courtnay,Marijo,courtnay.marijo.700@patientmail.nl
701,Ninnetta,Old,ninnetta.old.701@patientmail.nl
702,Elka,Juan,elka.juan.702@patientmail.nl
703,Eve,Keily,eve.keily.703@patientmail.nl
704,Hallie,Wu,hallie.wu.704@patientmail.nl
705,Tonia,Knowling,tonia.knowling.705@patientmail.nl
706,Valli,Blisse,valli.blisse.706@patientmail.nl
707,Maud,Swigart,maud.swigart.707@patientmail.nl
708,Brietta,Pattin,brietta.pattin.708@patientmail.nl
709,Jenilee,Greyson,jenilee.greyson.709@patientmail.nl
710,Cordi,Dielu,cordi.dielu.710@patientmail.nl
711,Neila,Pyle,neila.pyle.711@patientmail.nl
712,Doro,Brodench,doro.brodench.712@patientmail.nl
713,Karly,McGrody,karly.mcgrody.713@patientmail.nl
714,Christy,O'Carroll,christy.o.carroll.714@patientmail.nl
715,Esmeralda,Travax,esmeralda.travax.715@patientmail.nl
716,Emilia,Rad,emilia.rad.716@patientmail.nl
717,Sissy,Yorick,sissy.yorick.717@patientmail.nl
718,Jerry,Burkle,jerry.burkle.718@patientmail.nl
719,Nyssa,Libna,nyssa.libna.719@patientmail.nl
720,Konstance,Ricki,konstance.ricki.720@patientmail.nl
721,Caressa,Herrera,caressa.herrera.721@patientmail.nl
722,Etta,Dalli,etta.dalli.722@patientmail.nl
723,Imojean,Hashim,imojean.hashim.723@patientmail.nl
724,Mellicent,Viddah,mellicent.viddah.724@patientmail.nl
725,Ashlee,Annabella,ashlee.annabella.725@patientmail.nl
726,Caritta,Jefferey,caritta.jefferey.726@patientmail.nl
727,Etta,Septima,etta.septima.727@patientmail.nl
728,Heddie,Edvard,heddie.edvard.728@patientmail.nl
729,Jackie,Jena,jackie.jena.729@patientmail.nl
730,Charlena,Breed,charlena.breed.730@patientmail.nl
731,Evita,Stacy,evita.stacy.731@patientmail.nl
732,Emmey,Maxi,emmey.maxi.732@patientmail.nl
733,Bibby,Tannie,bibby.tannie.733@patientmail.nl
734,Rivalee,Bandeen,rivalee.bandeen.734@patientmail.nl
735,Tabbatha,Peti,tabbatha.peti.735@patientmail.nl
736,Silvana,Judye,silvana.judye.736@patientmail.nl
737,Nyssa,Esmaria,nyssa.esmaria.737@patientmail.nl
738,Silvana,Sophronia,silvana.sophronia.738@patientmail.nl
739,Linet,Kirstin,linet.kirstin.739@patientmail.nl
740,Anica,Rurik,anica.rurik.740@patientmail.nl
741,Isa,Hylan,isa.hylan.741@patientmail.nl
742,Lonnie,Auberbach,lonnie.auberbach.742@patientmail.nl
743,Morganica,Buttaro,morganica.buttaro.743@patientmail.nl
744,Roberta,Keelia,roberta.keelia.744@patientmail.nl
745,Suzette,Anton,suzette.anton.745@patientmail.nl
746,Ricky,Amand,ricky.amand.746@patientmail.nl
747,Jenda,Montgomery,jenda.montgomery.747@patientmail.nl
748,Jennica,Ashely,jennica.ashely.748@patientmail.nl
749,Kittie,Fax,kittie.fax.749@patientmail.nl
750,Donetta,Kauppi,donetta.kauppi.750@patientmail.nl
751,Joceline,Ursulette,joceline.ursulette.751@patientmail.nl
752,Dari,Hermes,dari.hermes.752@patientmail.nl
753,Rebeca,Lynn,rebeca.lynn.753@patientmail.nl
754,Cam,Michella,cam.michella.754@patientmail.nl
755,Gretal,Tamsky,gretal.tamsky.755@patientmail.nl
756,Nessie,Agle,nessie.agle.756@patientmail.nl
757,Anallese,Auberbach,anallese.auberbach.757@patientmail.nl
758,Zsa Zsa,Bari,zsa.zsa.bari.758@patientmail.nl
759,Loree,Elvyn,loree.elvyn.759@patientmail.nl
760,Ileana,Merriott,ileana.merriott.760@patientmail.nl
761,Inga,Bibi,inga.bibi.761@patientmail.nl
762,Aimil,Andrel,aimil.andrel.762@patientmail.nl
763,Hermione,Rubie,hermione.rubie.763@patientmail.nl
764,Sashenka,Joni,sashenka.joni.764@patientmail.nl
765,Celisse,Shaver,celisse.shaver.765@patientmail.nl
766,Marcy,Sophronia,marcy.sophronia.766@patientmail.nl
767,Petronia,Seagraves,petronia.seagraves.767@patientmail.nl
768,Peri,Uund,peri.uund.768@patientmail.nl
769,Adelle,Kussell,adelle.kussell.769@patientmail.nl
770,Trixi,Oriana,trixi.oriana.770@patientmail.nl
771,Heida,Duwalt,heida.duwalt.771@patientmail.nl
772,Cissiee,Kare,cissiee.kare.772@patientmail.nl
773,Juliane,Pip,juliane.pip.773@patientmail.nl
774,Agnese,Manolo,agnese.manolo.774@patientmail.nl
775,Selma,McCutcheon,selma.mccutcheon.775@patientmail.nl
776,Nonnah,Delila,nonnah.delila.776@patientmail.nl
777,Zia,Ovid,zia.ovid.777@patientmail.nl
778,Monika,Fulmer,monika.fulmer.778@patientmail.nl
779,Corry,McClimans,corry.mcclimans.779@patientmail.nl
780,Miquela,Timon,miquela.timon.780@patientmail.nl
781,Susette,Alarise,susette.alarise.781@patientmail.nl
782,Genovera,Chrystel,genovera.chrystel.782@patientmail.nl
783,Teddie,Cristi,teddie.cristi.783@patientmail.nl
784,Dode,Chinua,dode.chinua.784@patientmail.nl
785,Benita,Germann,benita.germann.785@patientmail.nl
786,Clarice,Niccolo,clarice.niccolo.786@patientmail.nl
787,Katleen,Parette,katleen.parette.787@patientmail.nl
788,Jorry,Ax,jorry.ax.788@patientmail.nl
789,Ezmeralda,Stefa,ezmeralda.stefa.789@patientmail.nl
790,Alejandra,Cornelia,alejandra.cornelia.790@patientmail.nl
791,Minda,Rugen,minda.rugen.791@patientmail.nl
792,Di,Lowry,di.lowry.792@patientmail.nl
793,Bee,Atonsah,bee.atonsah.793@patientmail.nl
794,Carmela,Fancie,carmela.fancie.794@patientmail.nl
795,Ruthe,Weaks,ruthe.weaks.795@patientmail.nl
796,Mildrid,Dorine,mildrid.dorine.796@patientmail.nl
797,Taffy,Ciro,taffy.ciro.797@patientmail.nl
798,Glynnis,Leopold,glynnis.leopold.798@patientmail.nl
799,Elfreda,Klotz,elfreda.klotz.799@patientmail.nl
800,Trixi,Gemini,trixi.gemini.800@patientmail.nl
801,Christal,Marcellus,christal.marcellus.801@patientmail.nl
802,Frances,Korey,frances.korey.802@patientmail.nl
803,Kylynn,Uund,kylynn.uund.803@patientmail.nl
804,Charissa,McAdams,charissa.mcadams.804@patientmail.nl
805,Kara-Lynn,Shanley,kara.lynn.shanley.805@patientmail.nl
806,Shaine,Durware,shaine.durware.806@patientmail.nl
807,Goldie,Kare,goldie.kare.807@patientmail.nl
808,Deedee,Corilla,deedee.corilla.808@patientmail.nl
809,Selma,Verger,selma.verger.809@patientmail.nl
810,Daphne,Lareena,daphne.lareena.810@patientmail.nl
811,Lindie,Kaja,lindie.kaja.811@patientmail.nl
812,Pearline,Chapland,pearline.chapland.812@patientmail.nl
813,Helsa,Gunn,helsa.gunn.813@patientmail.nl
814,Di,McClimans,di.mcclimans.814@patientmail.nl
815,Adore,Kamaria,adore.kamaria.815@patientmail.nl
816,Gabriellia,Krystle,gabriellia.krystle.816@patientmail.nl
817,Lanae,Judye,lanae.judye.817@patientmail.nl
818,Cristine,Aurelio,cristine.aurelio.818@patientmail.nl
819,Margarette,McCutcheon,margarette.mccutcheon.819@patientmail.nl
820,Meghann,Azeria,meghann.azeria.820@patientmail.nl
821,Rori,Bashemeth,rori.bashemeth.821@patientmail.nl
822,Barbi,Percy,barbi.percy.822@patientmail.nl
823,Dari,Soneson,dari.soneson.823@patientmail.nl
824,Regina,Nikaniki,regina.nikaniki.824@patientmail.nl
825,Roslyn,Gunn,roslyn.gunn.825@patientmail.nl
826,Molli,Zaslow,molli.zaslow.826@patientmail.nl
827,Averyl,Hutchison,averyl.hutchison.827@patientmail.nl
828,Leeanne,Trace,leeanne.trace.828@patientmail.nl
829,Eolanda,Sheng,eolanda.sheng.829@patientmail.nl
830,Zsa Zsa,Natica,zsa.zsa.natica.830@patientmail.nl
831,Minda,Pattin,minda.pattin.831@patientmail.nl
832,Willetta,Belldas,willetta.belldas.832@patientmail.nl
833,Roz,Ardeha,roz.ardeha.833@patientmail.nl
834,Sabina,Rosemary,sabina.rosemary.834@patientmail.nl
835,Tybie,Latini,tybie.latini.835@patientmail.nl
836,Britni,Eliathas,britni.eliathas.836@patientmail.nl
837,Gui,Turne,gui.turne.837@patientmail.nl
838,Bobinette,Demitria,bobinette.demitria.838@patientmail.nl
839,Cissiee,Zamora,cissiee.zamora.839@patientmail.nl
840,Sibella,Nadia,sibella.nadia.840@patientmail.nl
841,Florie,Delp,florie.delp.841@patientmail.nl
842,Steffane,Bigner,steffane.bigner.842@patientmail.nl
843,Merry,Kermit,merry.kermit.843@patientmail.nl
844,Elbertina,Tice,elbertina.tice.844@patientmail.nl
845,Cyb,Docilla,cyb.docilla.845@patientmail.nl
846,Rhea,Viddah,rhea.viddah.846@patientmail.nl
847,Josephine,Morrill,josephine.morrill.847@patientmail.nl
848,Cyb,Burkle,cyb.burkle.848@patientmail.nl
849,Donetta,Docilla,donetta.docilla.849@patientmail.nl
850,Joeann,Ball,joeann.ball.850@patientmail.nl
851,Arlina,Tryck,arlina.tryck.851@patientmail.nl
852,Carree,Pozzy,carree.pozzy.852@patientmail.nl
853,Joceline,Catie,joceline.catie.853@patientmail.nl
854,Dacia,Silvan,dacia.silvan.854@patientmail.nl
855,Donetta,Bennie,donetta.bennie.855@patientmail.nl
856,Maisey,Pyle,maisey.pyle.856@patientmail.nl
857,Elvira,Maroney,elvira.maroney.857@patientmail.nl
858,Augustine,Francyne,augustine.francyne.858@patientmail.nl
859,Sheelagh,Ezar,sheelagh.ezar.859@patientmail.nl
860,Tarra,Fillbert,tarra.fillbert.860@patientmail.nl
861,Amalie,Mathilde,amalie.mathilde.861@patientmail.nl
862,Reeba,Autrey,reeba.autrey.862@patientmail.nl
863,Lita,Swanhildas,lita.swanhildas.863@patientmail.nl
864,Carree,Daegal,carree.daegal.864@patientmail.nl
865,Briney,Hertzfeld,briney.hertzfeld.865@patientmail.nl
866,Adele,Hanshaw,adele.hanshaw.866@patientmail.nl
867,Ann-Marie,Breed,ann.marie.breed.867@patientmail.nl
868,Frieda,Douglass,frieda.douglass.868@patientmail.nl
869,Jaclyn,Tarrant,jaclyn.tarrant.869@patientmail.nl
870,Jorry,Aida,jorry.aida.870@patientmail.nl
871,Angelique,Auberbach,angelique.auberbach.871@patientmail.nl
872,Andree,Suk,andree.suk.872@patientmail.nl
873,Sheelagh,Fancie,sheelagh.fancie.873@patientmail.nl
874,Angela,Bearnard,angela.bearnard.874@patientmail.nl
875,Marylou,Seessel,marylou.seessel.875@patientmail.nl
876,Lucy,Merna,lucy.merna.876@patientmail.nl
877,Doralynne,Harl,doralynne.harl.877@patientmail.nl
878,Karlee,Meli,karlee.meli.878@patientmail.nl
879,Gretal,Jotham,gretal.jotham.879@patientmail.nl
880,Andeee,Anselmi,andeee.anselmi.880@patientmail.nl
881,Elena,Richers,elena.richers.881@patientmail.nl
882,Nariko,Adlare,nariko.adlare.882@patientmail.nl
883,Christy,Cordi,christy.cordi.883@patientmail.nl
884,Selia,Toni,selia.toni.884@patientmail.nl
885,Blondelle,Riordan,blondelle.riordan.885@patientmail.nl
886,Danika,Quinn,danika.quinn.886@patientmail.nl
887,Althea,Hunfredo,althea.hunfredo.887@patientmail.nl
888,Margalo,Vorster,margalo.vorster.888@patientmail.nl
889,Amara,Beebe,amara.beebe.889@patientmail.nl
890,Frances,Lipson,frances.lipson.890@patientmail.nl
891,Frieda,Bonilla,frieda.bonilla.891@patientmail.nl
892,Mallory,Pulsifer,mallory.pulsifer.892@patientmail.nl
893,Candi,Bohlin,candi.bohlin.893@patientmail.nl
894,Roxane,Margarete,roxane.margarete.894@patientmail.nl
895,Allyce,Cleo,allyce.cleo.895@patientmail.nl
896,Lindie,Daniele,lindie.daniele.896@patientmail.nl
897,Devina,Ioab,devina.ioab.897@patientmail.nl
898,Belva,Levey,belva.levey.898@patientmail.nl
899,Collen,Ophelia,collen.ophelia.899@patientmail.nl
900,Donnie,Faria,donnie.faria.900@patientmail.nl
901,Elise,Ulphia,elise.ulphia.901@patientmail.nl
902,Vonny,Hathaway,vonny.hathaway.902@patientmail.nl
903,Lenna,Barrus,lenna.barrus.903@patientmail.nl
904,Ekaterina,Sallyann,ekaterina.sallyann.904@patientmail.nl
905,Carlie,Bettine,carlie.bettine.905@patientmail.nl
906,Annecorinne,Jefferey,annecorinne.jefferey.906@patientmail.nl
907,Nonnah,Mullane,nonnah.mullane.907@patientmail.nl
908,Elora,Tatianas,elora.tatianas.908@patientmail.nl
909,Jinny,Fiester,jinny.fiester.909@patientmail.nl
910,Edyth,Argus,edyth.argus.910@patientmail.nl
911,Gerianna,Sibyls,gerianna.sibyls.911@patientmail.nl
912,Dione,Rustice,dione.rustice.912@patientmail.nl
913,Sophia,Bertold,sophia.bertold.913@patientmail.nl
914,Coral,Evvie,coral.evvie.914@patientmail.nl
915,Romona,Vorster,romona.vorster.915@patientmail.nl
916,Andree,Estella,andree.estella.916@patientmail.nl
917,Nanete,Alabaster,nanete.alabaster.917@patientmail.nl
918,Brynna,Guildroy,brynna.guildroy.918@patientmail.nl
919,Libbie,Wyn,libbie.wyn.919@patientmail.nl
920,Laurene,Helfand,laurene.helfand.920@patientmail.nl
921,Ira,Eachern,ira.eachern.921@patientmail.nl
922,Fernande,Pandolfi,fernande.pandolfi.922@patientmail.nl
923,Sue,Tice,sue.tice.923@patientmail.nl
924,Nicoli,Doig,nicoli.doig.924@patientmail.nl
925,Chloris,Hazlett,chloris.hazlett.925@patientmail.nl
926,Silvana,Zachary,silvana.zachary.926@patientmail.nl
927,Mireielle,Koziara,mireielle.koziara.927@patientmail.nl
928,Myrtice,Chandler,myrtice.chandler.928@patientmail.nl
929,Blake,Belldas,blake.belldas.929@patientmail.nl
930,Ninnetta,Deegan,ninnetta.deegan.930@patientmail.nl
931,Wendi,Richers,wendi.richers.931@patientmail.nl
932,Aimil,Suzetta,aimil.suzetta.932@patientmail.nl
933,Blinni,Zamora,blinni.zamora.933@patientmail.nl
934,Corly,Goode,corly.goode.934@patientmail.nl
935,Susan,Adore,susan.adore.935@patientmail.nl
936,Allis,Urias,allis.urias.936@patientmail.nl
937,Stevana,Henebry,stevana.henebry.937@patientmail.nl
938,Alie,Podvin,alie.podvin.938@patientmail.nl
939,Abbie,Thunell,abbie.thunell.939@patientmail.nl
940,Marylou,Mozelle,marylou.mozelle.940@patientmail.nl
941,Althea,Santoro,althea.santoro.941@patientmail.nl
942,Alexine,Ophelia,alexine.ophelia.942@patientmail.nl
943,Merci,Torray,merci.torray.943@patientmail.nl
944,Odessa,Rillings,odessa.rillings.944@patientmail.nl
945,Nataline,Rosette,nataline.rosette.945@patientmail.nl
946,Blinni,Kermit,blinni.kermit.946@patientmail.nl
947,Willetta,Sparhawk,willetta.sparhawk.947@patientmail.nl
948,Stacey,Jaylene,stacey.jaylene.948@patientmail.nl
949,Jordan,Loring,jordan.loring.949@patientmail.nl
950,Fredericka,Gabrielli,fredericka.gabrielli.950@patientmail.nl
951,Estell,Crudden,estell.crudden.951@patientmail.nl
952,Dacia,LaRue,dacia.larue.952@patientmail.nl
953,Viki,Skell,viki.skell.953@patientmail.nl
954,Trixi,Skurnik,trixi.skurnik.954@patientmail.nl
955,Jere,Roxanna,jere.roxanna.955@patientmail.nl
956,Glenda,LaRue,glenda.larue.956@patientmail.nl
957,Kirstin,Etom,kirstin.etom.957@patientmail.nl
958,Tani,Greenwald,tani.greenwald.958@patientmail.nl
959,Shell,Ortrude,shell.ortrude.959@patientmail.nl
960,Ardenia,Ventre,ardenia.ventre.960@patientmail.nl
961,Reeba,Fulmer,reeba.fulmer.961@patientmail.nl
962,Mariann,Hedve,mariann.hedve.962@patientmail.nl
963,Letizia,Margret,letizia.margret.963@patientmail.nl
964,Starla,Bari,starla.bari.964@patientmail.nl
965,Maridel,Clywd,maridel.clywd.965@patientmail.nl
966,Aili,Marcellus,aili.marcellus.966@patientmail.nl
967,Chloris,Ferrell,chloris.ferrell.967@patientmail.nl
968,Doralynne,Chem,doralynne.chem.968@patientmail.nl
969,Coral,Armanda,coral.armanda.969@patientmail.nl
970,Joeann,Jerald,joeann.jerald.970@patientmail.nl
971,Vere,Brunell,vere.brunell.971@patientmail.nl
972,Alexine,Moina,alexine.moina.972@patientmail.nl
973,Lynnea,Sikorski,lynnea.sikorski.973@patientmail.nl
974,Rayna,Thar,rayna.thar.974@patientmail.nl
975,Harrietta,Maisey,harrietta.maisey.975@patientmail.nl
976,Mady,Yuille,mady.yuille.976@patientmail.nl
977,Sue,Medrek,sue.medrek.977@patientmail.nl
978,Orsola,Martguerita,orsola.martguerita.978@patientmail.nl
979,Aimil,Ovid,aimil.ovid.979@patientmail.nl
980,Hannis,Terencio,hannis.terencio.980@patientmail.nl
981,Ayn,Garek,ayn.garek.981@patientmail.nl
982,Robinia,Cecile,robinia.cecile.982@patientmail.nl
983,Gaylene,Robertson,gaylene.robertson.983@patientmail.nl
984,Devina,Lilas,devina.lilas.984@patientmail.nl
985,Bertine,Bultman,bertine.bultman.985@patientmail.nl
986,Penelopa,Borrell,penelopa.borrell.986@patientmail.nl
987,Alia,Elephus,alia.elephus.987@patientmail.nl
988,Linzy,Tamar,linzy.tamar.988@patientmail.nl
989,Myrtice,Bebe,myrtice.bebe.989@patientmail.nl
990,Kylynn,Thomasina,kylynn.thomasina.990@patientmail.nl
991,Jacenta,Tarrant,jacenta.tarrant.991@patientmail.nl
992,Annice,Cyrie,annice.cyrie.992@patientmail.nl
993,Grier,Gaulin,grier.gaulin.993@patientmail.nl
994,Blinni,Margret,blinni.margret.994@patientmail.nl
995,Angela,Kristi,angela.kristi.995@patientmail.nl
996,Mariele,Judye,mariele.judye.996@patientmail.nl
997,Nadine,Llovera,nadine.llovera.997@patientmail.nl
998,Gusella,Eno,gusella.eno.998@patientmail.nl
999,Elsie,Lucienne,elsie.lucienne.999@patientmail.nl
1000,Tersina,Louanna,tersina.louanna.1000@patientmail.nl
